Bioactivity_ID,Activity_Value,BioAssay_AID,Substance_SID,Compound_CID,refsid,Gene_ID,PMID,Aid_Type,Last_Modified_Date,Has_Dose_Response_Curve,RNAi_BioAssay,Activity,Protein_Accession,Activity_Type,Activity_Qualifier,Bioassay_Data_Source,BioAssay_Name,Compound_Name,Target_Name,Target_Link,ECs,Representative_Protein_Accession,Taxonomy_ID,Cell_ID,Target_Taxonomy_ID,Anatomy_ID,Anatomy,dois,pmcids,pclids,citations
183993323,0.0046,504466,17504222,3665766,"",79915,"",Confirmatory,20110316,1,0,Inconclusive,AAH15051,Potency,"",National Center for Advancing Translational Sciences (NCATS),qHTS screen for small molecules that induce genotoxicity in human embryonic kidney (HEK293T) cells expressing luciferase-tagged ELG1,"2-(4-Aminophenyl)-1,3-benzothiazole-6-carboxylic acid",ATAD5 - ATPase family AAA domain containing 5 (human),/gene/79915,"",AAH15051,9606,"","","","","","","",""
231963101,0.0073,602357,17504222,3665766,"",116160065,"",Confirmatory,20120309,1,0,Active,AAA29795,Potency,"",National Center for Advancing Translational Sciences (NCATS),FLuc inhibitory activity for the follow-up compounds in a biochemical assay with Km concentrations of substrate,"2-(4-Aminophenyl)-1,3-benzothiazole-6-carboxylic acid",LOC116160065 - luciferin 4-monooxygenase (common eastern firefly),/gene/116160065,"",P08659,7054,"","","","","","","",""
235170166,0.0142,602477,17504222,3665766,"",116160065,"",Confirmatory,20120322,1,0,Active,AAA29795,Potency,"",National Center for Advancing Translational Sciences (NCATS),FLuc inhibitory activity for the follow-up compounds in a cell-based assay to assess the activity of miR-21,"2-(4-Aminophenyl)-1,3-benzothiazole-6-carboxylic acid",LOC116160065 - luciferin 4-monooxygenase (common eastern firefly),/gene/116160065,"",P08659,7054,"","","","","","","",""
231963322,0.0651,602364,17504222,3665766,"",116160065,"",Confirmatory,20120312,1,0,Active,AAA29795,Potency,"",National Center for Advancing Translational Sciences (NCATS),FLuc inhibitory activity for the follow-up compounds in a biochemical assay with 1mM ATP,"2-(4-Aminophenyl)-1,3-benzothiazole-6-carboxylic acid",LOC116160065 - luciferin 4-monooxygenase (common eastern firefly),/gene/116160065,"",P08659,7054,"","","","","","","",""
172093604,0.13,493014,17504222,3665766,"","","",Confirmatory,20110106,1,0,Inconclusive,"",Potency,"",National Center for Advancing Translational Sciences (NCATS),qHTS Assay to Find Inhibitors of Chronic Active B-Cell Receptor Signaling,"2-(4-Aminophenyl)-1,3-benzothiazole-6-carboxylic acid","","","","","","","","","","","","",""
231963631,0.1457,602358,17504222,3665766,"",116160065,"",Confirmatory,20120309,1,0,Active,AAA29795,Potency,"",National Center for Advancing Translational Sciences (NCATS),FLuc inhibitory activity for the follow-up compounds in a biochemical assay with Km concentrations of substrate and 500microM CoASH,"2-(4-Aminophenyl)-1,3-benzothiazole-6-carboxylic acid",LOC116160065 - luciferin 4-monooxygenase (common eastern firefly),/gene/116160065,"",P08659,7054,"","","","","","","",""
35136337,0.146,1241,17504222,3665766,"",5970,"",Confirmatory,20090326,1,0,Active,NP_068810,EC50,"",SRMLSC,Name: High Throughput Screen to Identify Compounds that increase expression of NF-kB in Human Neuronal Cells - Dose Response,"2-(4-Aminophenyl)-1,3-benzothiazole-6-carboxylic acid","RELA - RELA proto-oncogene, NF-kB subunit (human)",/gene/5970,"",Q04206,9606,"","","","","","","",""
35136338,0.146,1241,17504222,3665766,"",4790,"",Confirmatory,20090326,1,0,Active,NP_003989,EC50,"",SRMLSC,Name: High Throughput Screen to Identify Compounds that increase expression of NF-kB in Human Neuronal Cells - Dose Response,"2-(4-Aminophenyl)-1,3-benzothiazole-6-carboxylic acid",NFKB1 - nuclear factor kappa B subunit 1 (human),/gene/4790,"",P19838,9606,"","","","","","","",""
235897629,0.1592,602478,17504222,3665766,"",116160065,"",Confirmatory,20120322,1,0,Active,AAA29795,Potency,"",National Center for Advancing Translational Sciences (NCATS),FLuc inhibitory activity for the follow-up compounds in a cell-based translational read-through assay (72 hour incubation),"2-(4-Aminophenyl)-1,3-benzothiazole-6-carboxylic acid",LOC116160065 - luciferin 4-monooxygenase (common eastern firefly),/gene/116160065,"",P08659,7054,"","","","","","","",""
204802727,0.2133,588342,17504222,3665766,"",116160065,"",Confirmatory,20110907,1,0,Active,AAA29795,Potency,"",National Center for Advancing Translational Sciences (NCATS),qHTS profiling assay for firefly luciferase inhibitor/activator using purifed enzyme and Km concentrations of substrates (counterscreen for miR-21 project),"2-(4-Aminophenyl)-1,3-benzothiazole-6-carboxylic acid",LOC116160065 - luciferin 4-monooxygenase (common eastern firefly),/gene/116160065,"",P08659,7054,"","","","","","","",""
182914336,0.2311,504444,17504222,3665766,"",4780,"",Confirmatory,20110315,1,0,Inconclusive,NP_001138884,Potency,"",National Center for Advancing Translational Sciences (NCATS),Nrf2 qHTS screen for inhibitors,"2-(4-Aminophenyl)-1,3-benzothiazole-6-carboxylic acid",NFE2L2 - NFE2 like bZIP transcription factor 2 (human),/gene/4780,"",Q16236,9606,"","","","","","","",""
235169688,0.2832,602476,17504222,3665766,"",116160065,"",Confirmatory,20120322,1,0,Active,AAA29795,Potency,"",National Center for Advancing Translational Sciences (NCATS),FLuc inhibitory activity for the follow-up compounds in a cell-based translational read-through assay,"2-(4-Aminophenyl)-1,3-benzothiazole-6-carboxylic acid",LOC116160065 - luciferin 4-monooxygenase (common eastern firefly),/gene/116160065,"",P08659,7054,"","","","","","","",""
241426155,0.363,624167,17504222,3665766,"",171071,"",Confirmatory,20120522,0,0,Active,NP_598230,"","",Burnham Center for Chemical Genomics,Dose Response confirmation of uHTS small molecule Peg3 Promoter Inhibitor hits in a screening assay,"2-(4-Aminophenyl)-1,3-benzothiazole-6-carboxylic acid","Ppp1r15a - protein phosphatase 1, regulatory subunit 15A (Norway rat)",/gene/171071,"",Q6IN02,10116,"","","","","","","",""
66800809,0.38291,1973,17504222,3665766,"",688,"",Confirmatory,20091013,1,0,Active,ABM97548,IC50,"",The Scripps Research Institute Molecular Screening Center,Luminescence-based dose response cell-based high throughput screening assay for inhibitors of kruppel-like factor 5 (KLF5).,"2-(4-Aminophenyl)-1,3-benzothiazole-6-carboxylic acid",KLF5 - KLF transcription factor 5 (human),/gene/688,"",ABM97548,9606,"","","","","","","",""
199918978,0.4611,540256,17504222,3665766,"","","",Confirmatory,20110723,1,0,Active,"",Potency,"",National Center for Advancing Translational Sciences (NCATS),qHTS for Inhibitors of binding or entry into cells for Lassa Virus,"2-(4-Aminophenyl)-1,3-benzothiazole-6-carboxylic acid","","","","","",45,"","","","","","",""
200957681,0.4611,540276,17504222,3665766,"","","",Confirmatory,20111118,1,0,Active,"",Potency,"",National Center for Advancing Translational Sciences (NCATS),qHTS for inhibitors of binding or entry into cells for Marburg Virus,"2-(4-Aminophenyl)-1,3-benzothiazole-6-carboxylic acid","",/protein/B45705,"","","","","","","","","","",""
91007501,0.5623,2551,17504222,3665766,"",19885,"",Confirmatory,20100315,1,0,Active,NP_035411,Potency,"",National Center for Advancing Translational Sciences (NCATS),qHTS for inhibitors of ROR gamma transcriptional activity,"2-(4-Aminophenyl)-1,3-benzothiazole-6-carboxylic acid",Rorc - RAR-related orphan receptor gamma (house mouse),/gene/19885,"",P51450,10090,"","","","","","","",""
89845543,0.631,2546,17504222,3665766,"",19885,"",Confirmatory,20100313,1,0,Active,NP_035411,Potency,"",National Center for Advancing Translational Sciences (NCATS),VP16 counterscreen qHTS for inhibitors of ROR gamma transcriptional activity,"2-(4-Aminophenyl)-1,3-benzothiazole-6-carboxylic acid",Rorc - RAR-related orphan receptor gamma (house mouse),/gene/19885,"",P51450,10090,"","","","","","","",""
235169965,0.6339,602474,17504222,3665766,"",116160065,"",Confirmatory,20120322,1,0,Active,AAA29795,Potency,"",National Center for Advancing Translational Sciences (NCATS),FLuc inhibitory activity for the follow-up compounds in a biochemical assay with a commercial detection reagent - BriteliteTM Plus (PerkinElmer),"2-(4-Aminophenyl)-1,3-benzothiazole-6-carboxylic acid",LOC116160065 - luciferin 4-monooxygenase (common eastern firefly),/gene/116160065,"",P08659,7054,"","","","","","","",""
339027091,0.649,743444,17504222,3665766,"","","",Confirmatory,20140410,1,0,Active,AAC47329,AC50,"",Broad Institute,LGR2:Counterscreen with MC4R Measured in Cell-Based System Using Plate Reader - 7011-02_Antagonist_Dose_CherryPick_Activity,"2-(4-Aminophenyl)-1,3-benzothiazole-6-carboxylic acid",MSH (fruit fly),/protein/AAC47329,"",AAC47329,7227,"","","","","","","",""
338003792,0.749,743343,17504222,3665766,"","","",Confirmatory,20140327,1,0,Active,"",AC50,"",Broad Institute,Bursicon-induced LGR2 mediated cAMP production in LGR-2/CRE6x-Luciferase co-transfected HEK293 cells Inhibition Measured in Cell-Based System Using Plate Reader - 7011-01_Antagonist_Dose_CherryPick_Activity_Set2,"2-(4-Aminophenyl)-1,3-benzothiazole-6-carboxylic acid","","","","","",45,"","","","","","",""
337869651,0.7667,743266,17504222,3665766,"",5745,"",Confirmatory,20190730,1,0,Inactive,NP_001171673,Potency,"",National Center for Advancing Translational Sciences (NCATS),qHTS for PTHR1 Agonists: Primary Screen,"2-(4-Aminophenyl)-1,3-benzothiazole-6-carboxylic acid",PTH1R - parathyroid hormone 1 receptor (human),/gene/5745,"",Q03431,9606,"","","","","","","",""
175748824,0.839,493248,17504222,3665766,"",2671,"",Confirmatory,20110217,1,0,Active,NP_005253,AC50,"",Broad Institute,HTS-Luminescent assay for inhibitors of ALR by detection of hydrogen peroxide production Measured in Biochemical System Using Plate Reader - 2036-02_Inhibitor_Dose_CherryPick_Activity,"2-(4-Aminophenyl)-1,3-benzothiazole-6-carboxylic acid","GFER - growth factor, augmenter of liver regeneration (human)",/gene/2671,1.8.3.2,P55789,9606,"","","","","","","",""
172343272,0.866,493073,17504222,3665766,"",4286,"",Confirmatory,20110124,1,0,Active,AAH65243,AC50,"",Broad Institute,MITF Measured in Cell-Based System Using Plate Reader - 2084-01_Inhibitor_DoseNoFile_CherryPick_Activity_Set3,"2-(4-Aminophenyl)-1,3-benzothiazole-6-carboxylic acid",MITF - melanocyte inducing transcription factor (human),/gene/4286,"",AAH65243,9606,"","","","","","","",""
174647388,0.866,493102,17504222,3665766,"",4286,"",Confirmatory,20110127,1,0,Active,AAH65243,AC50,"",Broad Institute,MITF Measured in Cell-Based System Using Plate Reader - 2084-01_Inhibitor_DoseNoFile_CherryPick_Activity_Set4,"2-(4-Aminophenyl)-1,3-benzothiazole-6-carboxylic acid",MITF - melanocyte inducing transcription factor (human),/gene/4286,"",AAH65243,9606,"","","","","","","",""
174654041,0.866,493177,17504222,3665766,"",4286,"",Confirmatory,20110216,1,0,Active,AAH65243,AC50,"",Broad Institute,MITF Measured in Cell-Based System Using Plate Reader - 2084-01_Inhibitor_DoseNoFile_CherryPick_Activity_Set2,"2-(4-Aminophenyl)-1,3-benzothiazole-6-carboxylic acid",MITF - melanocyte inducing transcription factor (human),/gene/4286,"",AAH65243,9606,"","","","","","","",""
157412540,1,485297,17504222,3665766,"",9367,"",Confirmatory,20100929,1,0,Inactive,NP_004242,Potency,"",National Center for Advancing Translational Sciences (NCATS),qHTS Assay for Rab9 Promoter Activators,"2-(4-Aminophenyl)-1,3-benzothiazole-6-carboxylic acid","RAB9A - RAB9A, member RAS oncogene family (human)",/gene/9367,3.6.5.2,P51151,9606,"","","","","","","",""
341963699,1,1159524,17504222,3665766,"","","",Confirmatory,20150715,1,0,Inconclusive,"",Potency,"",National Center for Advancing Translational Sciences (NCATS),High Throughput Screening for Foot and Mouth Disease Virus Antivirals,"2-(4-Aminophenyl)-1,3-benzothiazole-6-carboxylic acid","","","","","","","","","","","","",""
316118148,1.03,652057,17504222,3665766,"","","",Confirmatory,20130222,1,0,Active,"",AC50,"",Broad Institute,HIV entry: Env-mediated Cell Fusion Measured in Cell-Based System Using Plate Reader - 7013-01_Inhibitor_Dose_CherryPick_Activity,"2-(4-Aminophenyl)-1,3-benzothiazole-6-carboxylic acid","","","","","","","","","","","","",""
231963808,1.157,602365,17504222,3665766,"",116160065,"",Confirmatory,20120312,1,0,Active,AAA29795,Potency,"",National Center for Advancing Translational Sciences (NCATS),FLuc inhibitory activity for the follow-up compounds in a biochemical assay with 1mM D-luciferin,"2-(4-Aminophenyl)-1,3-benzothiazole-6-carboxylic acid",LOC116160065 - luciferin 4-monooxygenase (common eastern firefly),/gene/116160065,"",P08659,7054,"","","","","","","",""
158610391,1.2589,485313,17504222,3665766,"",4864,"",Confirmatory,20101004,1,0,Inactive,NP_000262,Potency,"",National Center for Advancing Translational Sciences (NCATS),qHTS Assay for NPC1 Promoter Activators,"2-(4-Aminophenyl)-1,3-benzothiazole-6-carboxylic acid",NPC1 - NPC intracellular cholesterol transporter 1 (human),/gene/4864,"",O15118,9606,"","","","","","","",""
243631737,1.2589,624202,17504222,3665766,"",672,"",Confirmatory,20120524,1,0,Inactive,AAC37594,Potency,"",National Center for Advancing Translational Sciences (NCATS),qHTS Assay to Identify Small Molecule Activators of BRCA1 Expression,"2-(4-Aminophenyl)-1,3-benzothiazole-6-carboxylic acid",BRCA1 - BRCA1 DNA repair associated (human),/gene/672,"",P38398,9606,"","","","","","","",""
433813296,1.4125,1745845,17504222,3665766,"",6311,35787375,Confirmatory,20230201,1,0,Active,Q99700,Potency,"",National Center for Advancing Translational Sciences (NCATS),Primary qHTS for Inhibitors of ATXN expression,"2-(4-Aminophenyl)-1,3-benzothiazole-6-carboxylic acid",ATXN2 - ataxin 2 (human),/gene/6311,"",Q99700,9606,"","","","",10.1016/j.jbc.2022.102228,PMC9356275,33952116,"Scoles DR, Gandelman M, Paul S, Dexheimer T, Dansithong W, Figueroa KP, Pflieger LT, Redlin S, Kales SC, Sun H, Maloney D, Damoiseaux R, Henderson MJ, Simeonov A, Jadhav A, Pulst SM. A quantitative high-throughput screen identifies compounds that lower expression of the SCA2-and ALS-associated gene ATXN2. Journal of Biological Chemistry. 2022 Aug;298(8):102228. doi: 10.1016/j.jbc.2022.102228."
433813297,1.4125,1745845,17504222,3665766,"",6311,35787375,Confirmatory,20230201,1,0,Active,"",Potency,"",National Center for Advancing Translational Sciences (NCATS),Primary qHTS for Inhibitors of ATXN expression,"2-(4-Aminophenyl)-1,3-benzothiazole-6-carboxylic acid",ATXN2 - ataxin 2 (human),/gene/6311,"","",9606,"","","","",10.1016/j.jbc.2022.102228,PMC9356275,33952116,"Scoles DR, Gandelman M, Paul S, Dexheimer T, Dansithong W, Figueroa KP, Pflieger LT, Redlin S, Kales SC, Sun H, Maloney D, Damoiseaux R, Henderson MJ, Simeonov A, Jadhav A, Pulst SM. A quantitative high-throughput screen identifies compounds that lower expression of the SCA2-and ALS-associated gene ATXN2. Journal of Biological Chemistry. 2022 Aug;298(8):102228. doi: 10.1016/j.jbc.2022.102228."
316118863,1.6,652062,17504222,3665766,"","","",Confirmatory,20130226,1,0,Active,"",AC50,"",Broad Institute,HIV-1 Cell Fusion assay for clade B Env AD8 Measured in Cell-Based System Using Plate Reader - 7013-04_Inhibitor_Dose_CherryPick_Activity,"2-(4-Aminophenyl)-1,3-benzothiazole-6-carboxylic acid","","","","","","","","","","","","",""
314947275,1.91,652040,17504222,3665766,"","","",Confirmatory,20130215,1,0,Active,"",AC50,"",Broad Institute,Control Cell Fusion Counterscreen Assay Measured in Cell-Based System Using Plate Reader - 7013-02_Inhibitor_Dose_CherryPick_Activity,"2-(4-Aminophenyl)-1,3-benzothiazole-6-carboxylic acid","","","","","","","","","","","","",""
325035384,2.6,687027,17504222,3665766,"",7849,"",Confirmatory,20130615,1,0,Active,AAB34216,AC50,"",Broad Institute,HTS for PAX8 inhibitors using PAX8 luciferase reporter gene assay in RMG-I cells Measured in Cell-Based System Using Plate Reader - 7054-01_Inhibitor_Dose_CherryPick_Activity,"2-(4-Aminophenyl)-1,3-benzothiazole-6-carboxylic acid",PAX8 - paired box 8 (human),/gene/7849,"",AAB34216,9606,4122,"","","","","","",""
77567681,3.1623,2147,17504222,3665766,"","","",Confirmatory,20091119,1,0,Inconclusive,2W2I_A,Potency,"",National Center for Advancing Translational Sciences (NCATS),qHTS Assay for Inhibitors of  Human Jumonji Domain Containing 2E (JMJD2E),"2-(4-Aminophenyl)-1,3-benzothiazole-6-carboxylic acid","Chain A, 2-oxoglutarate Oxygenase (human)",/protein/2W2I_A,"",2W2I_A,9606,"","","","","","","",""
197046461,3.2643,540253,17504222,3665766,"",3837,"",Confirmatory,20110714,1,0,Inconclusive,NP_002256,Potency,"",National Center for Advancing Translational Sciences (NCATS),qHTS Assay for Inhibitors of RanGTP induced Rango (Ran-regulated importin-beta cargo) - Importin beta complex dissociation,"2-(4-Aminophenyl)-1,3-benzothiazole-6-carboxylic acid",KPNB1 - karyopherin subunit beta 1 (human),/gene/3837,"",Q14974,9606,"","","","","","","",""
197046462,3.2643,540253,17504222,3665766,"",10073,"",Confirmatory,20110714,1,0,Inconclusive,NP_005692,Potency,"",National Center for Advancing Translational Sciences (NCATS),qHTS Assay for Inhibitors of RanGTP induced Rango (Ran-regulated importin-beta cargo) - Importin beta complex dissociation,"2-(4-Aminophenyl)-1,3-benzothiazole-6-carboxylic acid",SNUPN - snurportin 1 (human),/gene/10073,"",O95149,9606,"","","","","","","",""
197046463,3.2643,540253,17504222,3665766,"",5901,"",Confirmatory,20110714,1,0,Inconclusive,NP_006316,Potency,"",National Center for Advancing Translational Sciences (NCATS),qHTS Assay for Inhibitors of RanGTP induced Rango (Ran-regulated importin-beta cargo) - Importin beta complex dissociation,"2-(4-Aminophenyl)-1,3-benzothiazole-6-carboxylic acid","RAN - RAN, member RAS oncogene family (human)",/gene/5901,3.6.5.-,P62826,9606,"","","","","","","",""
194942924,4.1475,504834,17504222,3665766,"","","",Confirmatory,20110622,1,0,Inactive,"",Potency,"",National Center for Advancing Translational Sciences (NCATS),"Primary qHTS for delayed death inhibitors of the malarial parasite plastid, 96 hour incubation","2-(4-Aminophenyl)-1,3-benzothiazole-6-carboxylic acid","","","","","","","","","","","","",""
316116119,4.57,652058,17504222,3665766,"","","",Confirmatory,20130222,1,0,Active,"",AC50,"",Broad Institute,Cell fusion assay for clade C HIV-1ZM109 Env Measured in Cell-Based System Using Plate Reader - 7013-05_Inhibitor_Dose_CherryPick_Activity,"2-(4-Aminophenyl)-1,3-benzothiazole-6-carboxylic acid","","","","","","","","","","","","",""
235168833,5.513,602475,17504222,3665766,"",116160065,"",Confirmatory,20120322,1,0,Active,AAA29795,Potency,"",National Center for Advancing Translational Sciences (NCATS),FLuc inhibitory activity for the follow-up compounds in a biochemical assay with an in-house formulation of detection reagent,"2-(4-Aminophenyl)-1,3-benzothiazole-6-carboxylic acid",LOC116160065 - luciferin 4-monooxygenase (common eastern firefly),/gene/116160065,"",P08659,7054,"","","","","","","",""
241273168,6.03,624167,17504222,3665766,"","","",Confirmatory,20120522,0,0,Active,"","","",Burnham Center for Chemical Genomics,Dose Response confirmation of uHTS small molecule Peg3 Promoter Inhibitor hits in a screening assay,"2-(4-Aminophenyl)-1,3-benzothiazole-6-carboxylic acid","","","","","","","","","","","","",""
43905405,6.3096,1460,17504222,3665766,"",4137,"",Confirmatory,20081230,1,0,Inconclusive,AAI14949,Potency,"",National Center for Advancing Translational Sciences (NCATS),"qHTS for Inhibitors of Tau Fibril Formation, Thioflavin T Binding","2-(4-Aminophenyl)-1,3-benzothiazole-6-carboxylic acid",MAPT - microtubule associated protein tau (human),/gene/4137,"",AAI14949,9606,"","","","","","","",""
22591998,10,894,17504222,3665766,"",3248,"",Confirmatory,20100301,0,0,Inconclusive,NP_000851,Potency,"",National Center for Advancing Translational Sciences (NCATS),qHTS Assay for Inhibitors of HPGD (15-Hydroxyprostaglandin Dehydrogenase),"2-(4-Aminophenyl)-1,3-benzothiazole-6-carboxylic acid",HPGD - 15-hydroxyprostaglandin dehydrogenase (human),/gene/3248,1.1.1.-|1.1.1.141|1.1.1.232,P15428,9606,"","","","","","","",""
77077404,11.2202,2112,17504222,3665766,"",2548,"",Confirmatory,20091106,1,0,Inconclusive,NP_000143,Potency,"",National Center for Advancing Translational Sciences (NCATS),qHTS Assay for Inhibitors and Activators of Human alpha-Glucosidase From Spleen Homogenate,"2-(4-Aminophenyl)-1,3-benzothiazole-6-carboxylic acid",GAA - alpha glucosidase (human),/gene/2548,3.2.1.20,P10253,9606,"","","","","","","",""
189446101,11.2202,504706,17504222,3665766,"",7157,"",Confirmatory,20110427,1,0,Inactive,BAC16799,Potency,"",National Center for Advancing Translational Sciences (NCATS),qHTS assay for re-activators of p53 using a Luc reporter,"2-(4-Aminophenyl)-1,3-benzothiazole-6-carboxylic acid",TP53 - tumor protein p53 (human),/gene/7157,"",BAC16799,9606,"","","","","","","",""
22586055,12.5893,901,17504222,3665766,"",83523,"",Confirmatory,20100706,1,0,Inconclusive,P97697,Potency,"",National Center for Advancing Translational Sciences (NCATS),qHTS Assay for Identifying the Cell-Membrane Permeable IMPase Inhibitors,"2-(4-Aminophenyl)-1,3-benzothiazole-6-carboxylic acid",Impa1 - inositol monophosphatase 1 (Norway rat),/gene/83523,3.1.3.25|3.1.3.94,P97697,10116,"","","","","","","",""
56804575,17.7828,1722,17504222,3665766,"","","",Confirmatory,20100316,1,0,Inactive,CAA52898,Potency,"",National Center for Advancing Translational Sciences (NCATS),qHTS Assay for Activators of Leishmania Mexicana Pyruvate Kinase (LmPK),"2-(4-Aminophenyl)-1,3-benzothiazole-6-carboxylic acid",pyruvate kinase (Leishmania mexicana mexicana),/protein/CAA52898,"",CAA52898,44270,"","","","","","","",""
57167757,17.7828,1721,17504222,3665766,"","","",Confirmatory,20100316,1,0,Inconclusive,CAA52898,Potency,"",National Center for Advancing Translational Sciences (NCATS),qHTS Assay for Inhibitors of Leishmania Mexicana Pyruvate Kinase (LmPK),"2-(4-Aminophenyl)-1,3-benzothiazole-6-carboxylic acid",pyruvate kinase (Leishmania mexicana mexicana),/protein/CAA52898,"",CAA52898,44270,"","","","","","","",""
322066624,18.3564,686971,17504222,3665766,"","","",Confirmatory,20130509,1,0,Inconclusive,"",Potency,"",National Center for Advancing Translational Sciences (NCATS),qHTS for induction of synthetic lethality in tumor cells producing 2HG: qHTS for the HT-1080-IDH1KD cell line,"2-(4-Aminophenyl)-1,3-benzothiazole-6-carboxylic acid","","","","","","","","","","","","",""
94863770,19.9526,2675,17504222,3665766,"",4154,"",Confirmatory,20100325,1,0,Inactive,NP_066368,Potency,"",National Center for Advancing Translational Sciences (NCATS),qHTS Assay for Inhibitors of MBNL1-poly(CUG) RNA binding,"2-(4-Aminophenyl)-1,3-benzothiazole-6-carboxylic acid",MBNL1 - muscleblind like splicing regulator 1 (human),/gene/4154,"",Q9NR56,9606,"","","","","","","",""
216131041,19.9526,588591,17504222,3665766,"",5429,"",Confirmatory,20111020,1,0,Inconclusive,NP_006493,Potency,"",National Center for Advancing Translational Sciences (NCATS),qHTS for Inhibitors of Polymerase Eta,"2-(4-Aminophenyl)-1,3-benzothiazole-6-carboxylic acid",POLH - DNA polymerase eta (human),/gene/5429,2.7.7.7,Q9Y253,9606,"","","","","","","",""
28001183,25.1189,1030,17504222,3665766,"",216,"",Confirmatory,20100315,1,0,Inconclusive,AAP35567,Potency,"",National Center for Advancing Translational Sciences (NCATS),qHTS Assay for Inhibitors of Aldehyde Dehydrogenase 1 (ALDH1A1),"2-(4-Aminophenyl)-1,3-benzothiazole-6-carboxylic acid",ALDH1A1 - aldehyde dehydrogenase 1 family member A1 (human),/gene/216,"",P00352,9606,"","","","","","","",""
46167632,25.1189,1478,17504222,3665766,"","","",Confirmatory,20100219,0,0,Active,3I06_A,Potency,"",National Center for Advancing Translational Sciences (NCATS),qHTS Assay for Promiscuous and Specific Inhibitors of Cruzain (with detergent),"2-(4-Aminophenyl)-1,3-benzothiazole-6-carboxylic acid","Chain A, Cruzipain (Trypanosoma cruzi)",/protein/3I06_A,"",1ME3_A,5693,"","","","","","","",""
41721197,25.68,1445,17504222,3665766,"",813945,"",Confirmatory,20081208,1,0,Active,XP_001349846,IC50,"",SRMLSC,Inhibitors of Plasmodium falciparum M1- Family Alanyl Aminopeptidase (M1AAP),"2-(4-Aminophenyl)-1,3-benzothiazole-6-carboxylic acid",PF3D7_1311800 - M1-family alanyl aminopeptidase (Plasmodium falciparum 3D7),/gene/813945,3.4.11.-,O96935,36329,"","","","","","","",""
247767494,25.929,624296,17504222,3665766,"",51053,"",Confirmatory,20120615,1,0,Inconclusive,NP_056979,Potency,"",National Center for Advancing Translational Sciences (NCATS),A quantitative high throughput screen for small molecules that induce DNA re-replication in MCF 10a normal breast cells.,"2-(4-Aminophenyl)-1,3-benzothiazole-6-carboxylic acid",GMNN - geminin DNA replication inhibitor (human),/gene/51053,"",O75496,9606,"","","","","","","",""
76518394,28.1838,2101,17504222,3665766,"",2629,"",Confirmatory,20091105,1,0,Inconclusive,BAA02545,Potency,"",National Center for Advancing Translational Sciences (NCATS),qHTS Assay for Inhibitors and Activators of N370S glucocerebrosidase as a Potential Chaperone Treatment of Gaucher Disease,"2-(4-Aminophenyl)-1,3-benzothiazole-6-carboxylic acid",GBA1 - glucosylceramidase beta 1 (human),/gene/2629,"",P04062,9606,"","","","","","","",""
176095739,28.1838,504327,17504222,3665766,"",2648,"",Confirmatory,20110222,1,0,Active,NP_066564,Potency,"",National Center for Advancing Translational Sciences (NCATS),qHTS Assay for Inhibitors of GCN5L2,"2-(4-Aminophenyl)-1,3-benzothiazole-6-carboxylic acid",KAT2A - lysine acetyltransferase 2A (human),/gene/2648,2.3.1.-|2.3.1.48,Q92830,9606,"","","","","","","",""
198577098,28.1838,540263,17504222,3665766,"",10073,"",Confirmatory,20110718,1,0,Inconclusive,NP_005692,Potency,"",National Center for Advancing Translational Sciences (NCATS),qHTS Assay for Inhibitors of Rango (Ran-regulated importin-beta cargo) - Importin beta complex formation,"2-(4-Aminophenyl)-1,3-benzothiazole-6-carboxylic acid",SNUPN - snurportin 1 (human),/gene/10073,"",O95149,9606,"","","","","","","",""
198577099,28.1838,540263,17504222,3665766,"",3837,"",Confirmatory,20110718,1,0,Inconclusive,NP_002256,Potency,"",National Center for Advancing Translational Sciences (NCATS),qHTS Assay for Inhibitors of Rango (Ran-regulated importin-beta cargo) - Importin beta complex formation,"2-(4-Aminophenyl)-1,3-benzothiazole-6-carboxylic acid",KPNB1 - karyopherin subunit beta 1 (human),/gene/3837,"",Q14974,9606,"","","","","","","",""
202564234,28.1838,540317,17504222,3665766,"",10951,"",Confirmatory,20110728,1,0,Inactive,NP_001120700,Potency,"",National Center for Advancing Translational Sciences (NCATS),HTS for Inhibitors of HP1-beta Chromodomain Interactions with Methylated Histone Tails,"2-(4-Aminophenyl)-1,3-benzothiazole-6-carboxylic acid",CBX1 - chromobox 1 (human),/gene/10951,"",P83916,9606,"","","","","","","",""
241880742,28.1838,624173,17504222,3665766,"","","",Confirmatory,20120530,1,0,Inconclusive,AAX80043,Potency,"",National Center for Advancing Translational Sciences (NCATS),qHTS of Trypanosoma Brucei Inhibitors,"2-(4-Aminophenyl)-1,3-benzothiazole-6-carboxylic acid","hypothetical protein, conserved (Trypanosoma brucei)",/protein/AAX80043,"",AAX80043,5691,"","","","","","","",""
251993427,28.1838,624418,17504222,3665766,"","","",Confirmatory,20120726,1,0,Inactive,"",Potency,"",National Center for Advancing Translational Sciences (NCATS),qHTS of GLP-1 Receptor Inverse Agonists: Cytotox Screen,"2-(4-Aminophenyl)-1,3-benzothiazole-6-carboxylic acid","","","","","","","","","","","","",""
334190029,30.36,743021,17504222,3665766,"","","",Confirmatory,20140205,1,0,Active,"",AC50,"",Broad Institute,PAX8: non-specific cytotoxicity Measured in Cell-Based System Using Plate Reader - 7054-05_Inhibitor_Dose_DryPowder_Activity,"2-(4-Aminophenyl)-1,3-benzothiazole-6-carboxylic acid","","","","","","","","","","","","",""
45421141,31.6228,1467,17504222,3665766,"",2717,"",Confirmatory,20130104,1,0,Inconclusive,CAA29232,Potency,"",National Center for Advancing Translational Sciences (NCATS),qHTS Assay for Inhibitors of Human alpha-Galactosidase at pH 4.5.,"2-(4-Aminophenyl)-1,3-benzothiazole-6-carboxylic acid",GLA - galactosidase alpha (human),/gene/2717,"",P06280,9606,"","","","","","","",""
45203792,35.4813,1466,17504222,3665766,"",2548,"",Confirmatory,20100112,1,0,Inconclusive,NP_000143,Potency,"",National Center for Advancing Translational Sciences (NCATS),qHTS Assay for Inhibitors of Human alpha-Glucosidase as a Potential Chaperone Treatment of Pompe Disease,"2-(4-Aminophenyl)-1,3-benzothiazole-6-carboxylic acid",GAA - alpha glucosidase (human),/gene/2548,3.2.1.20,P10253,9606,"","","","","","","",""
81168496,35.4813,2242,17504222,3665766,"",2548,"",Confirmatory,20100112,1,0,Active,NP_000143,Potency,"",National Center for Advancing Translational Sciences (NCATS),qHTS Assay for Activators of Human alpha-Glucosidase as a Potential Chaperone Treatment of Pompe Disease,"2-(4-Aminophenyl)-1,3-benzothiazole-6-carboxylic acid",GAA - alpha glucosidase (human),/gene/2548,3.2.1.20,P10253,9606,"","","","","","","",""
88548501,35.4813,2517,17504222,3665766,"","","",Confirmatory,20130716,1,0,Inconclusive,1DE9_A,Potency,"",National Center for Advancing Translational Sciences (NCATS),qHTS Assay for Inhibitors of the Human Apurinic/apyrimidinic Endonuclease 1 (APE1),"2-(4-Aminophenyl)-1,3-benzothiazole-6-carboxylic acid","Chain A, MAJOR APURINIC/APYRIMIDINIC ENDONUCLEASE (human)",/protein/1DE9_A,"",1DE9_A,9606,"","","","","","","",""
155932613,35.4813,485281,17504222,3665766,"","","",Confirmatory,20100927,1,0,Inactive,3F32_A,Potency,"",National Center for Advancing Translational Sciences (NCATS),qHTS Assay for Identification of Novel General Anesthetics,"2-(4-Aminophenyl)-1,3-benzothiazole-6-carboxylic acid","Chain A, Ferritin light chain (horse)",/protein/3F32_A,"",3F32_A,9796,"","","","","","","",""
208220151,35.4813,588456,17504222,3665766,"",58819,"",Confirmatory,20111006,1,0,Inactive,AAC35244,Potency,"",National Center for Advancing Translational Sciences (NCATS),qHTS Assay for Substrates of Mammalian Selenoprotein Thioredoxin Reductase 1 (TrxR1): qHTS,"2-(4-Aminophenyl)-1,3-benzothiazole-6-carboxylic acid",Txnrd1 - thioredoxin reductase 1 (Norway rat),/gene/58819,"",AAC35244,10116,"","","","","","","",""
225804463,35.4813,602233,17504222,3665766,"",4357161,"",Confirmatory,20120127,1,0,Inconclusive,XP_001218773,Potency,"",National Center for Advancing Translational Sciences (NCATS),qHTS Assay to Find Inhibitors of Phosphoglycerate Kinase,"2-(4-Aminophenyl)-1,3-benzothiazole-6-carboxylic acid",PGKC - phosphoglycerate kinase (Trypanosoma brucei brucei TREU927),/gene/4357161,"",XP_001218773,185431,"","","","","","","",""
46343011,39.8107,1476,17504222,3665766,"","","",Confirmatory,20100219,0,0,Inconclusive,3I06_A,Potency,"",National Center for Advancing Translational Sciences (NCATS),qHTS Assay for Promiscuous and Specific Inhibitors of Cruzain (without detergent),"2-(4-Aminophenyl)-1,3-benzothiazole-6-carboxylic acid","Chain A, Cruzipain (Trypanosoma cruzi)",/protein/3I06_A,"",1ME3_A,5693,"","","","","","","",""
90099992,39.8107,2549,17504222,3665766,"","","",Confirmatory,20100315,1,0,Inconclusive,2WWY_A,Potency,"",National Center for Advancing Translational Sciences (NCATS),qHTS Assay for Inhibitors of RecQ-Like Dna Helicase 1 (RECQ1),"2-(4-Aminophenyl)-1,3-benzothiazole-6-carboxylic acid","Chain A, ATP-DEPENDENT DNA HELICASE Q1 (human)",/protein/2WWY_A,"",2WWY_A,9606,"","","","","","","",""
178760432,39.8107,504332,17504222,3665766,"","","",Confirmatory,20110222,1,0,Active,CAQ07474,Potency,"",National Center for Advancing Translational Sciences (NCATS),qHTS Assay for Inhibitors of Histone Lysine Methyltransferase G9a,"2-(4-Aminophenyl)-1,3-benzothiazole-6-carboxylic acid",euchromatic histone-lysine N-methyltransferase 2 (human),/protein/CAQ07474,"",CAQ07474,9606,"","","","","","","",""
67667519,39.841,1975,17504222,3665766,"","","",Confirmatory,20091013,1,0,Inactive,"",IC50,"",The Scripps Research Institute Molecular Screening Center,Luminescence-based counterscreen assay for KLF5 inhibitors: dose response cell-based high throughput screening assay to identify cytotoxic compounds using the IEC-6 intestinal epithelial cell line.,"2-(4-Aminophenyl)-1,3-benzothiazole-6-carboxylic acid","","","","","",128906,"","","","","","",""
339352889,48.57,743446,17504222,3665766,"","","",Confirmatory,20140410,1,0,Active,"",AC50,"",Broad Institute,HEK293 Cytotoxicity Assay Measured in Cell-Based System Using Plate Reader - 7071-01_Antagonist_Dose_CherryPick_Activity,"2-(4-Aminophenyl)-1,3-benzothiazole-6-carboxylic acid","","","","","",45,"","","","","","",""
157987454,50.1187,485314,17504222,3665766,"",5423,"",Confirmatory,20100929,1,0,Inconclusive,NP_002681,Potency,"",National Center for Advancing Translational Sciences (NCATS),qHTS Assay for Inhibitors of DNA Polymerase Beta,"2-(4-Aminophenyl)-1,3-benzothiazole-6-carboxylic acid",POLB - DNA polymerase beta (human),/gene/5423,2.7.7.7|4.2.99.-|4.2.99.18,P06746,9606,"","","","","","","",""
38696370,54,1419,17504222,3665766,"",5176170,"",Confirmatory,20081029,1,0,Inactive,YP_001129466,IC50,"",Emory University Molecular Libraries Screening Center,Dose Response Confirmation for Small Molecule Inhibitors of Epstein-Barr Virus,"2-(4-Aminophenyl)-1,3-benzothiazole-6-carboxylic acid",HHV4tp2_gp31 - BZLF2 (Epstein-Barr virus type 2),/gene/5176170,"",Q1HVG2,12509,"","","","","","","",""
47091556,56.2341,1490,17504222,3665766,"","","",Confirmatory,20100126,0,0,Active,AAG24257,Potency,"",National Center for Advancing Translational Sciences (NCATS),qHTS Assay for Inhibitors of Bacillus subtilis Sfp phosphopantetheinyl transferase (PPTase),"2-(4-Aminophenyl)-1,3-benzothiazole-6-carboxylic acid",phosphopantetheinyl transferase (Bacillus subtilis),/protein/AAG24257,"",Q9F4F7,1423,"","","","","","","",""
207674490,70.7946,588453,17504222,3665766,"",58819,"",Confirmatory,20111005,1,0,Inconclusive,AAC35244,Potency,"",National Center for Advancing Translational Sciences (NCATS),qHTS Assay for Inhibitors of Mammalian Selenoprotein Thioredoxin Reductase 1 (TrxR1): qHTS,"2-(4-Aminophenyl)-1,3-benzothiazole-6-carboxylic acid",Txnrd1 - thioredoxin reductase 1 (Norway rat),/gene/58819,"",AAC35244,10116,"","","","","","","",""
156280090,79.4328,485290,17504222,3665766,"","","",Confirmatory,20100928,1,0,Active,1JY1_A,Potency,"",National Center for Advancing Translational Sciences (NCATS),qHTS Assay for Inhibitors of Tyrosyl-DNA Phosphodiesterase (TDP1),"2-(4-Aminophenyl)-1,3-benzothiazole-6-carboxylic acid","Chain A, TYROSYL-DNA PHOSPHODIESTERASE (human)",/protein/1JY1_A,"",1JY1_A,9606,"","","","","","","",""
167087868,112.202,489007,17504222,3665766,"","","",Confirmatory,20101116,1,0,Inconclusive,1JY1_A,Potency,"",National Center for Advancing Translational Sciences (NCATS),Confirmation Assay for Inhibitors of Tyrosyl-DNA Phosphodiesterase (TDP1),"2-(4-Aminophenyl)-1,3-benzothiazole-6-carboxylic acid","Chain A, TYROSYL-DNA PHOSPHODIESTERASE (human)",/protein/1JY1_A,"",1JY1_A,9606,"","","","","","","",""
190345472,313.4,504726,17504222,3665766,"","","",Confirmatory,20110505,1,0,Active,ADQ57959,AC50,"",Broad Institute,24 hour HeLa Cytotox assay Measured in Cell-Based System Using Plate Reader - 2117-03_Inhibitor_Dose_CherryPick_Activity,"2-(4-Aminophenyl)-1,3-benzothiazole-6-carboxylic acid",LANA (Human gammaherpesvirus 8),/protein/ADQ57959,"",ADQ57959,37296,30,"","","","","","",""
194497841,316.228,504842,17504222,3665766,"",10576,"",Confirmatory,20110623,1,0,Inconclusive,AAC98906,Potency,"",National Center for Advancing Translational Sciences (NCATS),Inhibitors of TCP-1 ring complex (TRiC) of Methanococcus maripaludis (MmCpn): qHTS,"2-(4-Aminophenyl)-1,3-benzothiazole-6-carboxylic acid",CCT2 - chaperonin containing TCP1 subunit 2 (human),/gene/10576,"",P78371,9606,"","","","","","","",""
7270213,"",485,17504222,3665766,"",1903,"",Screening,20100611,0,0,Inactive,NP_005217,"","",The Scripps Research Institute Molecular Screening Center,Primary HTS Assay for S1P3 Antagonists,"2-(4-Aminophenyl)-1,3-benzothiazole-6-carboxylic acid",S1PR3 - sphingosine-1-phosphate receptor 3 (human),/gene/1903,"",Q99500,9606,"","","","","","","",""
11598076,"",631,17504222,3665766,"",5468,"",Screening,20080125,0,0,Inactive,NP_056953,"","",The Scripps Research Institute Molecular Screening Center,Primary biochemical High Throughput Screening assay for agonists of the steroid receptor coactivator 1 (SRC-1) recruitment by the peroxisome proliferator-activated receptor gamma (PPARgamma),"2-(4-Aminophenyl)-1,3-benzothiazole-6-carboxylic acid",PPARG - peroxisome proliferator activated receptor gamma (human),/gene/5468,"",P37231,9606,"","","","","","","",""
11598077,"",631,17504222,3665766,"",8648,"",Screening,20080125,0,0,Inactive,NP_003734,"","",The Scripps Research Institute Molecular Screening Center,Primary biochemical High Throughput Screening assay for agonists of the steroid receptor coactivator 1 (SRC-1) recruitment by the peroxisome proliferator-activated receptor gamma (PPARgamma),"2-(4-Aminophenyl)-1,3-benzothiazole-6-carboxylic acid",NCOA1 - nuclear receptor coactivator 1 (human),/gene/8648,2.3.1.48,Q15788,9606,"","","","","","","",""
14284505,"",731,17504222,3665766,"",5468,"",Screening,20100616,0,0,Inactive,NP_056953,"","",The Scripps Research Institute Molecular Screening Center,Primary biochemical High Throughput Screening assay for agonists of the steroid receptor coactivator 3 (SRC-3) recruitment by the peroxisome proliferator-activated receptor gamma (PPARgamma),"2-(4-Aminophenyl)-1,3-benzothiazole-6-carboxylic acid",PPARG - peroxisome proliferator activated receptor gamma (human),/gene/5468,"",P37231,9606,"","","","","","","",""
14284506,"",731,17504222,3665766,"",8202,"",Screening,20100616,0,0,Inactive,NP_858045,"","",The Scripps Research Institute Molecular Screening Center,Primary biochemical High Throughput Screening assay for agonists of the steroid receptor coactivator 3 (SRC-3) recruitment by the peroxisome proliferator-activated receptor gamma (PPARgamma),"2-(4-Aminophenyl)-1,3-benzothiazole-6-carboxylic acid",NCOA3 - nuclear receptor coactivator 3 (human),/gene/8202,2.3.1.48,Q9Y6Q9,9606,"","","","","","","",""
15164640,"",757,17504222,3665766,"",5879,"",Screening,20091026,0,0,Inactive,CAB53579,"","",NMMLSC,HTS to identify specific small molecule inhibitors of Ras and Ras-related GTPases specifically Rac wildtype,"2-(4-Aminophenyl)-1,3-benzothiazole-6-carboxylic acid",RAC1 - Rac family small GTPase 1 (human),/gene/5879,"",P63000,9606,"","","","","","","",""
15395503,"",758,17504222,3665766,"",404007,"",Screening,20091026,0,0,Inactive,AAA30890,"","",NMMLSC,HTS to identify specific small molecule inhibitors of Ras and Ras-related GTPases specifically Rab7 wildtype,"2-(4-Aminophenyl)-1,3-benzothiazole-6-carboxylic acid","RAB7A - RAB7A, member RAS oncogene family (dog)",/gene/404007,"",P18067,9615,"","","","","","","",""
16456183,"",775,17504222,3665766,"","","",Screening,20071116,0,0,Inactive,"","","",SRMLSC,Screen for Chemicals that Extend Yeast Lifespan,"2-(4-Aminophenyl)-1,3-benzothiazole-6-carboxylic acid","","","","","","","","","","","","",""
16457078,"",761,17504222,3665766,"","","",Screening,20091025,0,0,Inactive,CAI19851,"","",NMMLSC,HTS to identify specific small molecule inhibitors of Ras and Ras-related GTPases specifically Cdc42 wildtype,"2-(4-Aminophenyl)-1,3-benzothiazole-6-carboxylic acid","cell division cycle 42 (GTP binding protein, 25kDa), partial (human)",/protein/CAI19851,"",CAI19851,9606,"","","","","","","",""
16457641,"",760,17504222,3665766,"",404009,"",Screening,20091025,0,0,Inactive,P61105,"","",NMMLSC,HTS to identify specific small molecule inhibitors of Ras and Ras-related GTPases specifically Rab2 wildtype,"2-(4-Aminophenyl)-1,3-benzothiazole-6-carboxylic acid","RAB2A - RAB2A, member RAS oncogene family (dog)",/gene/404009,3.6.5.2,P61105,9615,"","","","","","","",""
16457790,"",759,17504222,3665766,"",3265,"",Screening,20091026,0,0,Inactive,AAA36557,"","",NMMLSC,HTS to identify specific small molecule inhibitors of Ras and Ras-related GTPases specifically Ras wildtype,"2-(4-Aminophenyl)-1,3-benzothiazole-6-carboxylic acid","HRAS - HRas proto-oncogene, GTPase (human)",/gene/3265,"",AAA36557,9606,"","","","","","","",""
16461102,"",764,17504222,3665766,"",5879,"",Screening,20091025,0,0,Inactive,CAB53579,"","",NMMLSC,HTS to identify specific small molecule inhibitors of Ras and Ras-related GTPases specifically Rac activated mutant,"2-(4-Aminophenyl)-1,3-benzothiazole-6-carboxylic acid",RAC1 - Rac family small GTPase 1 (human),/gene/5879,"",P63000,9606,"","","","","","","",""
17665182,"",797,17504222,3665766,"",5587,"",Screening,20070910,0,0,Inactive,NP_002733,"","",University of Pittsburgh Molecular Library Screening Center,Fluorescence polarization assay for PKD inhibitors,"2-(4-Aminophenyl)-1,3-benzothiazole-6-carboxylic acid",PRKD1 - protein kinase D1 (human),/gene/5587,2.7.11.13,Q15139,9606,"","","","","","","",""
17668236,"",793,17504222,3665766,"",4887,"",Screening,20100616,0,0,Inactive,NP_000901,"","",The Scripps Research Institute Molecular Screening Center,Primary cell based high-throughput screening assay for antagonists of neuropeptide Y receptor Y2 (NPY-Y2),"2-(4-Aminophenyl)-1,3-benzothiazole-6-carboxylic acid",NPY2R - neuropeptide Y receptor Y2 (human),/gene/4887,"",P49146,9606,"","","","","","","",""
17668283,"",782,17504222,3665766,"",1981,"",Screening,20110304,0,0,Inactive,NP_004944,"","",Emory University Molecular Libraries Screening Center,uHTS for Small Molecule Inhibitors of Eukaryotic Translation Initiation,"2-(4-Aminophenyl)-1,3-benzothiazole-6-carboxylic acid",EIF4G1 - eukaryotic translation initiation factor 4 gamma 1 (human),/gene/1981,"",Q04637,9606,"","","","","","","",""
17668284,"",782,17504222,3665766,"",13684,"",Screening,20110304,0,0,Inactive,NP_031943,"","",Emory University Molecular Libraries Screening Center,uHTS for Small Molecule Inhibitors of Eukaryotic Translation Initiation,"2-(4-Aminophenyl)-1,3-benzothiazole-6-carboxylic acid",Eif4e - eukaryotic translation initiation factor 4E (house mouse),/gene/13684,"",P63073,10090,"","","","","","","",""
17668291,"",781,17504222,3665766,"",287022,"",Screening,20070723,0,0,Inactive,NP_777239,"","",Emory University Molecular Libraries Screening Center,uHTS for 14-3-3/Bad interaction inhibitors,"2-(4-Aminophenyl)-1,3-benzothiazole-6-carboxylic acid",YWHAZ - tyrosine 3-monooxygenase/tryptophan 5-monooxygenase activation protein zeta (domestic cattle),/gene/287022,"",P63103,9913,"","","","","","","",""
18570789,"",800,17504222,3665766,"",2161,"",Screening,20110304,0,0,Inactive,P00748,"","",PCMD,Factor XIIa 1536 HTS,"2-(4-Aminophenyl)-1,3-benzothiazole-6-carboxylic acid",F12 - coagulation factor XII (human),/gene/2161,3.4.21.38,P00748,9606,"","","","","","","",""
18570832,"",803,17504222,3665766,"",8811,"",Screening,20100616,0,0,Inactive,O43603,"","",The Scripps Research Institute Molecular Screening Center,Primary cell-based high-throughput screening assay to identify agonists of Galanin Receptor 2 (GALR2),"2-(4-Aminophenyl)-1,3-benzothiazole-6-carboxylic acid",GALR2 - galanin receptor 2 (human),/gene/8811,"",O43603,9606,"","","","","","","",""
18572600,"",798,17504222,3665766,"","","",Screening,20081007,0,0,Inactive,AAA51985,"","",PCMD,Factor XIa 1536 HTS,"2-(4-Aminophenyl)-1,3-benzothiazole-6-carboxylic acid",coagulation factor XI (human),/protein/AAA51985,"",AAA51985,9606,"","","","","","","",""
18572792,"",799,17504222,3665766,"",4363,"",Screening,20071120,0,0,Inactive,NP_004987,"","",SRMLSC,Identification of Molecular Probes that Activate MRP-1,"2-(4-Aminophenyl)-1,3-benzothiazole-6-carboxylic acid",ABCC1 - ATP binding cassette subfamily C member 1 (ABCC1 blood group) (human),/gene/4363,7.6.2.2|7.6.2.3,P33527,9606,"","","","","","","",""
18572818,"",804,17504222,3665766,"","","",Screening,20071116,0,0,Inactive,"","","",SRMLSC,Screen for Chemicals that Shorten Yeast Lifespan,"2-(4-Aminophenyl)-1,3-benzothiazole-6-carboxylic acid","","","","","","","","","","","","",""
19250285,"",841,17504222,3665766,"","","",Screening,20071106,0,0,Inactive,"","","",Emory University Molecular Libraries Screening Center,Non-Nucleoside Inhibitor of Measles Virus RNA-Dependent RNA Polymerase Complex Activity HTS Single Point (MLSMR Library),"2-(4-Aminophenyl)-1,3-benzothiazole-6-carboxylic acid","","","","","","","","","","","","",""
19250609,"",827,17504222,3665766,"","","",Screening,20071016,0,0,Inactive,"","","",SRMLSC,High Throughput Screen to Identify Compounds that Suppress the Growth of Cells with a Deletion of the PTEN Tumor Suppressor,"2-(4-Aminophenyl)-1,3-benzothiazole-6-carboxylic acid","","","","","","","","","","","","",""
19250610,"",817,17504222,3665766,"","","",Other,20071003,0,0,Inactive,CAA97545,"","",Emory University Molecular Libraries Screening Center,Identification and characterization of compounds for addressing human bone marrow failure,"2-(4-Aminophenyl)-1,3-benzothiazole-6-carboxylic acid",unnamed protein product (brewer's yeast),/protein/CAA97545,"",CAA97545,4932,"","","","","","","",""
19250819,"",828,17504222,3665766,"",8811,"",Screening,20100616,0,0,Inactive,O43603,"","",The Scripps Research Institute Molecular Screening Center,Primary cell-based high-throughput screening assay to identify antagonists of Galanin Receptor 2 (GALR2),"2-(4-Aminophenyl)-1,3-benzothiazole-6-carboxylic acid",GALR2 - galanin receptor 2 (human),/gene/8811,"",O43603,9606,"","","","","","","",""
19254888,"",818,17504222,3665766,"","","",Screening,20071016,0,0,Inactive,"","","",SRMLSC,High Throughput Screen to Identify Compounds that Suppress the Growth of Human Colon Tumor Cells Lacking Oncogenic Beta Catenin Expression,"2-(4-Aminophenyl)-1,3-benzothiazole-6-carboxylic acid","","","","","","","","","","","","",""
20301945,"",868,17504222,3665766,"","","",Screening,20080603,0,0,Active,"","","",SRMLSC,Screen for Chemicals that Inhibit the RAM Network,"2-(4-Aminophenyl)-1,3-benzothiazole-6-carboxylic acid","","","","","","","","","","","","",""
20302906,"",861,17504222,3665766,"","","",Screening,20071121,0,0,Inactive,CAH72619,"","",The Scripps Research Institute Molecular Screening Center,Primary cell-based high-throughput screening assay for inhibitors of TLR4-MyD88 binding,"2-(4-Aminophenyl)-1,3-benzothiazole-6-carboxylic acid",toll-like receptor 4 (human),/protein/CAH72619,"",CAH72619,9606,"","","","","","","",""
20303621,"",862,17504222,3665766,"",6774,"",Screening,20080911,0,0,Active,AAK17196,"","",The Scripps Research Institute Molecular Screening Center,Primary cell-based high throughput screening assay to measure STAT3 inhibition,"2-(4-Aminophenyl)-1,3-benzothiazole-6-carboxylic acid",STAT3 - signal transducer and activator of transcription 3 (human),/gene/6774,"",AAK17196,9606,"","","","","","","",""
20303622,"",871,17504222,3665766,"",6774,"",Screening,20080911,0,0,Inactive,AAK17196,"","",The Scripps Research Institute Molecular Screening Center,Primary cell-based high throughput screening assay to measure STAT3 activation,"2-(4-Aminophenyl)-1,3-benzothiazole-6-carboxylic acid",STAT3 - signal transducer and activator of transcription 3 (human),/gene/6774,"",AAK17196,9606,"","","","","","","",""
22497688,"",878,17504222,3665766,"","","",Screening,20080225,0,0,Inactive,"","","",University of Pittsburgh Molecular Library Screening Center,NIH Compound Library Profiling: Compound and DTT Dependent Redox Cycling H2O2 Generation.,"2-(4-Aminophenyl)-1,3-benzothiazole-6-carboxylic acid","","","","","","","","","","","","",""
22499350,"",873,17504222,3665766,"",25818,"",Screening,20081119,0,0,Inactive,NP_036559,"","",PCMD,Kallikrein 5 1536 HTS,"2-(4-Aminophenyl)-1,3-benzothiazole-6-carboxylic acid",KLK5 - kallikrein related peptidase 5 (human),/gene/25818,3.4.21.-,Q9Y337,9606,"","","","","","","",""
22504476,"",880,17504222,3665766,"",6002,"",Confirmatory,20090805,1,0,Inactive,AAC39835,"","",National Center for Advancing Translational Sciences (NCATS),qHTS Assay for Inhibitors of RGS12 GoLoco Motif Activity (Red Fluorophore),"2-(4-Aminophenyl)-1,3-benzothiazole-6-carboxylic acid",RGS12 - regulator of G protein signaling 12 (human),/gene/6002,"",AAC39835,9606,"","","","","","","",""
22504477,"",880,17504222,3665766,"",2770,"",Confirmatory,20090805,1,0,Inactive,NP_002060,"","",National Center for Advancing Translational Sciences (NCATS),qHTS Assay for Inhibitors of RGS12 GoLoco Motif Activity (Red Fluorophore),"2-(4-Aminophenyl)-1,3-benzothiazole-6-carboxylic acid",GNAI1 - G protein subunit alpha i1 (human),/gene/2770,3.6.5.-,P63096,9606,"","","","","","","",""
22588270,"",898,17504222,3665766,"","","",Screening,20071218,0,0,Inactive,NP_783699,"","",University of Pittsburgh Molecular Library Screening Center,YopH  HTS,"2-(4-Aminophenyl)-1,3-benzothiazole-6-carboxylic acid",YopH (plasmid) (Yersinia enterocolitica),/protein/NP_783699,"",NP_783699,630,"","","","","","","",""
24541662,"",932,17504222,3665766,"",6772,"",Screening,20110926,0,0,Inactive,NP_009330,"","",The Scripps Research Institute Molecular Screening Center,Primary cell-based high throughput screening assay to measure STAT1 activation,"2-(4-Aminophenyl)-1,3-benzothiazole-6-carboxylic acid",STAT1 - signal transducer and activator of transcription 1 (human),/gene/6772,"",P42224,9606,"","","","","","","",""
24541722,"",940,17504222,3665766,"",5732,"",Screening,20081030,0,0,Inactive,NP_000947,"","",Emory University Molecular Libraries Screening Center,Modulators of the EP2 prostaglandin E2 receptor - Primary Screening,"2-(4-Aminophenyl)-1,3-benzothiazole-6-carboxylic acid",PTGER2 - prostaglandin E receptor 2 (human),/gene/5732,"",P43116,9606,"","","","","","","",""
24545958,"",920,17504222,3665766,"",6772,"",Screening,20080911,0,0,Active,NP_009330,"","",The Scripps Research Institute Molecular Screening Center,Primary cell-based high throughput screening assay to measure STAT1 inhibition,"2-(4-Aminophenyl)-1,3-benzothiazole-6-carboxylic acid",STAT1 - signal transducer and activator of transcription 1 (human),/gene/6772,"",P42224,9606,"","","","","","","",""
25569212,"",950,17504222,3665766,"",596,"",Screening,20071221,0,0,Inactive,P10415,"","",NMMLSC,"Multiplexed high-throughput screen for small molecule regulators of Bcl-2 family protein interactions, specifically Bim-Bcl-2.","2-(4-Aminophenyl)-1,3-benzothiazole-6-carboxylic acid",BCL2 - BCL2 apoptosis regulator (human),/gene/596,"",P10415,9606,"","","","","","","",""
25569231,"",952,17504222,3665766,"",599,"",Screening,20071221,0,0,Inactive,AAB09055,"","",NMMLSC,"Multiplexed high-throughput screen for small molecule regulators of Bcl-2 family protein interactions, specifically Bim-Bcl-W.","2-(4-Aminophenyl)-1,3-benzothiazole-6-carboxylic acid",BCL2L2 - BCL2 like 2 (human),/gene/599,"",AAB09055,9606,"","","","","","","",""
25569377,"",1001,17504222,3665766,"",249,"",Confirmatory,20100827,0,0,Inactive,NP_000469,EC50,"",Burnham Center for Chemical Genomics,uHTS identification of compounds activating TNAP in the absence of phosphate acceptor performed in luminescent assay,"2-(4-Aminophenyl)-1,3-benzothiazole-6-carboxylic acid","ALPL - alkaline phosphatase, biomineralization associated (human)",/gene/249,3.1.3.1|3.9.1.1,P05186,9606,"","","","","","","",""
25571381,"",951,17504222,3665766,"",10017,"",Screening,20071221,0,0,Inactive,Q9HD36,"","",NMMLSC,"Multiplexed high-throughput screen for small molecule regulators of Bcl-2 family protein interactions, specifically Bim-Bcl-B.","2-(4-Aminophenyl)-1,3-benzothiazole-6-carboxylic acid",BCL2L10 - BCL2 like 10 (human),/gene/10017,"",Q9HD36,9606,"","","","","","","",""
25571382,"",1006,17504222,3665766,"","","",Screening,20100827,0,0,Active,"","","",Burnham Center for Chemical Genomics,Counter Screen for Luciferase-based Primary Inhibition Assays,"2-(4-Aminophenyl)-1,3-benzothiazole-6-carboxylic acid","","","","","","","","","","","","",""
26033931,"",1007,17504222,3665766,"",598,"",Screening,20080103,0,0,Inactive,CAA80661,"","",NMMLSC,"Multiplexed high-throughput screen for small molecule regulators of Bcl-2 family protein interactions, specifically Bim-Bcl-XL.","2-(4-Aminophenyl)-1,3-benzothiazole-6-carboxylic acid",BCL2L1 - BCL2 like 1 (human),/gene/598,"",CAA80661,9606,"","","","","","","",""
26034030,"",1012,17504222,3665766,"",249,"",Screening,20100830,0,0,Inactive,NP_000469,"","",Burnham Center for Chemical Genomics,uHTS identification of TNAP inhibitors in the absence of phosphate acceptor performed in luminescent assay,"2-(4-Aminophenyl)-1,3-benzothiazole-6-carboxylic acid","ALPL - alkaline phosphatase, biomineralization associated (human)",/gene/249,3.1.3.1|3.9.1.1,P05186,9606,"","","","","","","",""
26034031,"",1008,17504222,3665766,"",597,"",Screening,20080327,0,0,Inactive,NP_004040,"","",NMMLSC,"Multiplexed high-throughput screen for small molecule regulators of Bcl-2 family protein interactions, specifically Bim-Bfl-1","2-(4-Aminophenyl)-1,3-benzothiazole-6-carboxylic acid",BCL2A1 - BCL2 related protein A1 (human),/gene/597,"",Q16548,9606,"","","","","","","",""
26035642,"",1016,17504222,3665766,"",280993,"",Screening,20100827,0,0,Inactive,NP_776412,"","",Burnham Center for Chemical Genomics,Luminescent assay for identification of activators of bovine intestinal alkaline phosphatase,"2-(4-Aminophenyl)-1,3-benzothiazole-6-carboxylic acid","ALPI - alkaline phosphatase, intestinal (domestic cattle)",/gene/280993,"",NP_776412,9913,"","","","","","","",""
26038502,"",1009,17504222,3665766,"",4170,"",Screening,20080625,0,0,Inactive,AAF64255,"","",NMMLSC,"Multiplexed high-throughput screen for small molecule regulators of Bcl-2 family protein interactions, specifically Bim-Mcl-1","2-(4-Aminophenyl)-1,3-benzothiazole-6-carboxylic acid","MCL1 - MCL1 apoptosis regulator, BCL2 family member (human)",/gene/4170,"",AAF64255,9606,"","","","","","","",""
27575836,"",1019,17504222,3665766,"",280993,"",Screening,20100918,0,0,Inactive,NP_776412,"","",Burnham Center for Chemical Genomics,Luminescent assay for identification of inhibitors of bovine intestinal alkaline phosphatase,"2-(4-Aminophenyl)-1,3-benzothiazole-6-carboxylic acid","ALPI - alkaline phosphatase, intestinal (domestic cattle)",/gene/280993,"",NP_776412,9913,"","","","","","","",""
27575937,"",1022,17504222,3665766,"",4170,"",Screening,20080108,0,0,Active,AAF64255,"","",Emory University Molecular Libraries Screening Center,uHTS of Mcl-1/Noxa interaction inhibitors,"2-(4-Aminophenyl)-1,3-benzothiazole-6-carboxylic acid","MCL1 - MCL1 apoptosis regulator, BCL2 family member (human)",/gene/4170,"",AAF64255,9606,"","","","","","","",""
27576129,"",1018,17504222,3665766,"","","",Confirmatory,20100920,0,0,Inactive,CAB95312,IC50,"",Burnham Center for Chemical Genomics,Chemical Antagonists IAP-family anti-apoptotic proteins,"2-(4-Aminophenyl)-1,3-benzothiazole-6-carboxylic acid",X-linked inhibitor of apoptosis (human),/protein/CAB95312,"",P98170,9606,"","","","","","","",""
27578561,"",1021,17504222,3665766,"",4170,"",Screening,20080108,0,0,Inactive,AAF64255,"","",Emory University Molecular Libraries Screening Center,uHTS of Mcl-1/Bid interaction inhibitors,"2-(4-Aminophenyl)-1,3-benzothiazole-6-carboxylic acid","MCL1 - MCL1 apoptosis regulator, BCL2 family member (human)",/gene/4170,"",AAF64255,9606,"","","","","","","",""
27578562,"",1020,17504222,3665766,"","","",Screening,20100924,0,0,Inactive,AAA25265,"","",Burnham Center for Chemical Genomics,Counter Screen for Glucose-6-Phosphate Dehydrogenase-based Primary Assay,"2-(4-Aminophenyl)-1,3-benzothiazole-6-carboxylic acid",glucose-6-phosphate dehydrogenase (Leuconostoc mesenteroides),/protein/AAA25265,"",P11411,1245,"","","","","","","",""
28526610,"",1032,17504222,3665766,"","","",Screening,20100615,0,0,Inactive,AAH92442,"","",The Scripps Research Institute Molecular Screening Center,Primary biochemical High Throughput Screening assay for agonists of the steroid receptor coactivator 2 (SRC-2) recruitment by the peroxisome proliferator-activated receptor gamma (PPARgamma),"2-(4-Aminophenyl)-1,3-benzothiazole-6-carboxylic acid",NCOA2 protein (human),/protein/AAH92442,"",AAH92442,9606,"","","","","","","",""
28526611,"",1032,17504222,3665766,"",5468,"",Screening,20100615,0,0,Inactive,NP_056953,"","",The Scripps Research Institute Molecular Screening Center,Primary biochemical High Throughput Screening assay for agonists of the steroid receptor coactivator 2 (SRC-2) recruitment by the peroxisome proliferator-activated receptor gamma (PPARgamma),"2-(4-Aminophenyl)-1,3-benzothiazole-6-carboxylic acid",PPARG - peroxisome proliferator activated receptor gamma (human),/gene/5468,"",P37231,9606,"","","","","","","",""
28613852,"",1040,17504222,3665766,"",4886,"",Screening,20100616,0,0,Inactive,NP_000900,"","",The Scripps Research Institute Molecular Screening Center,Primary cell-based high-throughput screening assay for antagonists of NPY-Y1,"2-(4-Aminophenyl)-1,3-benzothiazole-6-carboxylic acid",NPY1R - neuropeptide Y receptor Y1 (human),/gene/4886,"",P25929,9606,"","","","","","","",""
29057754,"",1027,17504222,3665766,"","","",Screening,20100920,0,0,Inactive,"","","",Burnham Center for Chemical Genomics,Counter Screen for Luciferase-based Primary Stimulation Assays,"2-(4-Aminophenyl)-1,3-benzothiazole-6-carboxylic acid","","","","","","","","","","","","",""
29256029,"",1029,17504222,3665766,"","","",Screening,20100924,0,0,Inactive,"","","",Burnham Center for Chemical Genomics,Image-based Screening Assay for Inhibitors of Phagocytosis,"2-(4-Aminophenyl)-1,3-benzothiazole-6-carboxylic acid","","","","","","","","","","","","",""
29422689,"",1048,17504222,3665766,"",8202,"",Other,20080221,0,0,Inactive,NP_858045,"","",The Scripps Research Institute Molecular Screening Center,Measurement of TR-FRET detection format artefact in the screen for agonists of steroid receptor coactivator 3 (SRC-3) recruitment by the peroxisome proliferator-activated receptor gamma (PPARgamma),"2-(4-Aminophenyl)-1,3-benzothiazole-6-carboxylic acid",NCOA3 - nuclear receptor coactivator 3 (human),/gene/8202,2.3.1.48,Q9Y6Q9,9606,"","","","","","","",""
29422690,"",1048,17504222,3665766,"",5468,"",Other,20080221,0,0,Inactive,NP_056953,"","",The Scripps Research Institute Molecular Screening Center,Measurement of TR-FRET detection format artefact in the screen for agonists of steroid receptor coactivator 3 (SRC-3) recruitment by the peroxisome proliferator-activated receptor gamma (PPARgamma),"2-(4-Aminophenyl)-1,3-benzothiazole-6-carboxylic acid",PPARG - peroxisome proliferator activated receptor gamma (human),/gene/5468,"",P37231,9606,"","","","","","","",""
29651733,"",1049,17504222,3665766,"","","",Other,20080221,0,0,Inactive,AAH92442,"","",The Scripps Research Institute Molecular Screening Center,Measurement of TR-FRET detection format artefact in the screen for agonists of steroid receptor coactivator 2 (SRC-2) recruitment by the peroxisome proliferator-activated receptor gamma (PPARgamma),"2-(4-Aminophenyl)-1,3-benzothiazole-6-carboxylic acid",NCOA2 protein (human),/protein/AAH92442,"",AAH92442,9606,"","","","","","","",""
29651734,"",1049,17504222,3665766,"",5468,"",Other,20080221,0,0,Inactive,NP_056953,"","",The Scripps Research Institute Molecular Screening Center,Measurement of TR-FRET detection format artefact in the screen for agonists of steroid receptor coactivator 2 (SRC-2) recruitment by the peroxisome proliferator-activated receptor gamma (PPARgamma),"2-(4-Aminophenyl)-1,3-benzothiazole-6-carboxylic acid",PPARG - peroxisome proliferator activated receptor gamma (human),/gene/5468,"",P37231,9606,"","","","","","","",""
30013919,"",1051,17504222,3665766,"",8648,"",Other,20080227,0,0,Inactive,NP_003734,"","",The Scripps Research Institute Molecular Screening Center,Measurement of TR-FRET detection format artefact in the screen for agonists of steroid receptor coactivator 1 (SRC-1) recruitment by the peroxisome proliferator-activated receptor gamma (PPARgamma),"2-(4-Aminophenyl)-1,3-benzothiazole-6-carboxylic acid",NCOA1 - nuclear receptor coactivator 1 (human),/gene/8648,2.3.1.48,Q15788,9606,"","","","","","","",""
30013920,"",1051,17504222,3665766,"",5468,"",Other,20080227,0,0,Inactive,NP_056953,"","",The Scripps Research Institute Molecular Screening Center,Measurement of TR-FRET detection format artefact in the screen for agonists of steroid receptor coactivator 1 (SRC-1) recruitment by the peroxisome proliferator-activated receptor gamma (PPARgamma),"2-(4-Aminophenyl)-1,3-benzothiazole-6-carboxylic acid",PPARG - peroxisome proliferator activated receptor gamma (human),/gene/5468,"",P37231,9606,"","","","","","","",""
30191937,"",1063,17504222,3665766,"","","",Screening,20080229,0,0,Inactive,"","","",University of Pittsburgh Molecular Library Screening Center,Leishmania major promastigote HTS,"2-(4-Aminophenyl)-1,3-benzothiazole-6-carboxylic acid","","","","","","","","","","","","",""
30389995,"",1066,17504222,3665766,"","","",Screening,20080314,0,0,Inactive,AAG02439,"","",SRMLSC,High Throughput Screen to Identify Compounds that Inhibit Class II HMG-CoA Reductases  - Primary Screen,"2-(4-Aminophenyl)-1,3-benzothiazole-6-carboxylic acid",acetyl-CoA acetyltransferase/HMG-CoA reductase (Enterococcus faecalis),/protein/AAG02439,"",AAG02439,1351,"","","","","","","",""
30649906,"",1046,17504222,3665766,"",2147,"",Screening,20081007,0,0,Inactive,AAC63054,"","",PCMD,Thrombin 1536 HTS,"2-(4-Aminophenyl)-1,3-benzothiazole-6-carboxylic acid","F2 - coagulation factor II, thrombin (human)",/gene/2147,"",P00734,9606,"","","","","","","",""
30746222,"",1085,17504222,3665766,"",5176170,"",Screening,20080303,0,0,Active,YP_001129466,"","",Emory University Molecular Libraries Screening Center,uHTS for Small Molecule Inhibitiors of Epstein-Barr Virus Inhibitors,"2-(4-Aminophenyl)-1,3-benzothiazole-6-carboxylic acid",HHV4tp2_gp31 - BZLF2 (Epstein-Barr virus type 2),/gene/5176170,"",Q1HVG2,12509,"","","","","","","",""
31489170,"",1135,17504222,3665766,"",249,"",Screening,20100920,0,0,Inactive,NP_000469,"","",Burnham Center for Chemical Genomics,uHTS identification of compounds inhibiting TNAP at a high concentration of phosphate acceptor detected in a luminescent assay,"2-(4-Aminophenyl)-1,3-benzothiazole-6-carboxylic acid","ALPL - alkaline phosphatase, biomineralization associated (human)",/gene/249,3.1.3.1|3.9.1.1,P05186,9606,"","","","","","","",""
31557912,"",1136,17504222,3665766,"",249,"",Screening,20100920,0,0,Inactive,NP_000469,"","",Burnham Center for Chemical Genomics,uHTS identification of compounds activating TNAP at a high concentration of phosphate acceptor detected in a luminescent assay,"2-(4-Aminophenyl)-1,3-benzothiazole-6-carboxylic acid","ALPL - alkaline phosphatase, biomineralization associated (human)",/gene/249,3.1.3.1|3.9.1.1,P05186,9606,"","","","","","","",""
31740877,"",1211,17504222,3665766,"",2099,"",Screening,20080306,0,0,Inactive,AAD52984,"","",NMMLSC,Estrogen Receptor (alpha) binding: Primary Screen,"2-(4-Aminophenyl)-1,3-benzothiazole-6-carboxylic acid",ESR1 - estrogen receptor 1 (human),/gene/2099,"",AAD52984,9606,"","","","","","","",""
31740945,"",1210,17504222,3665766,"",2100,"",Screening,20080306,0,0,Inactive,Q92731,"","",NMMLSC,Estrogen Receptor (beta) binding:  Primary Screen,"2-(4-Aminophenyl)-1,3-benzothiazole-6-carboxylic acid",ESR2 - estrogen receptor 2 (human),/gene/2100,"",Q92731,9606,"","","","","","","",""
31845031,"",1203,17504222,3665766,"",3303,"",Screening,20080812,0,0,Inactive,AAH02453,"","",The Scripps Research Institute Molecular Screening Center,Primary cell-based high-throughput screening assay to identify transcriptional activators of heat shock protein 70 (Hsp70),"2-(4-Aminophenyl)-1,3-benzothiazole-6-carboxylic acid",HSPA1A - heat shock protein family A (Hsp70) member 1A (human),/gene/3303,"",P0DMV9,9606,"","","","","","","",""
32192936,"",1209,17504222,3665766,"",4351,"",Confirmatory,20100920,0,0,Inactive,AAH17351,IC50,"",Burnham Center for Chemical Genomics,HTS identification of compounds inhibiting phosphomannose isomerase (PMI) via a fluorescence intensity assay.,"2-(4-Aminophenyl)-1,3-benzothiazole-6-carboxylic acid",MPI - mannose phosphate isomerase (human),/gene/4351,"",AAH17351,9606,"","","","","","","",""
32375126,"",1214,17504222,3665766,"",4351,"",Screening,20100920,0,0,Inactive,AAH17351,"","",Burnham Center for Chemical Genomics,HTS identification of compounds activating phosphomannose isomerase (PMI) via a fluorescence intensity assay.,"2-(4-Aminophenyl)-1,3-benzothiazole-6-carboxylic acid",MPI - mannose phosphate isomerase (human),/gene/4351,"",AAH17351,9606,"","","","","","","",""
32581991,"",1216,17504222,3665766,"",4351,"",Screening,20100929,0,0,Inactive,AAH17351,"","",Burnham Center for Chemical Genomics,HTS identification of compounds activating phosphomannose isomerase (PMI) via a fluorescence intensity assay using a near- saturating concentration of mannose 6-phosphat,"2-(4-Aminophenyl)-1,3-benzothiazole-6-carboxylic acid",MPI - mannose phosphate isomerase (human),/gene/4351,"",AAH17351,9606,"","","","","","","",""
32763439,"",1217,17504222,3665766,"",1738,"",Screening,20100929,0,0,Inactive,AAH18648,"","",Burnham Center for Chemical Genomics,uHTS Identification of Diaphorase Inhibitors and Chemcical Oxidizers: Counter Screen for Diaphorase-based Primary Assays,"2-(4-Aminophenyl)-1,3-benzothiazole-6-carboxylic acid",DLD - dihydrolipoamide dehydrogenase (human),/gene/1738,"",P09622,9606,"","","","","","","",""
32921551,"",1236,17504222,3665766,"",397393,"",Screening,20080314,0,0,Inactive,AAB17381,"","",Emory University Molecular Libraries Screening Center,uHTS for Calpain Inhibitors,"2-(4-Aminophenyl)-1,3-benzothiazole-6-carboxylic acid",CAPN2 - calpain 2 (pig),/gene/397393,"",AAB17381,9823,"","","","","","","",""
33200901,"",1230,17504222,3665766,"",4193,"",Screening,20090318,0,0,Inactive,NP_002383,"","",PCMD,E3 Ligase HTS_1536,"2-(4-Aminophenyl)-1,3-benzothiazole-6-carboxylic acid",MDM2 - MDM2 proto-oncogene (human),/gene/4193,2.3.2.27,Q00987,9606,"","","","","","","",""
33502347,"",1220,17504222,3665766,"",4351,"",Confirmatory,20100929,0,0,Inactive,AAH17351,IC50,"",Burnham Center for Chemical Genomics,HTS identification of compounds inhibiting phosphomannose isomerase (PMI) via a fluorescence intensity assay using a high concentration of mannose 6-phosphate,"2-(4-Aminophenyl)-1,3-benzothiazole-6-carboxylic acid",MPI - mannose phosphate isomerase (human),/gene/4351,"",AAH17351,9606,"","","","","","","",""
33575510,"",1229,17504222,3665766,"",1738,"",Screening,20100929,0,0,Inactive,AAH18648,"","",Burnham Center for Chemical Genomics,uHTS Identification of Diaphorase Activators and Chemical Reducers: Counter Screen for Diaphorase-based Primary Assays,"2-(4-Aminophenyl)-1,3-benzothiazole-6-carboxylic acid",DLD - dihydrolipoamide dehydrogenase (human),/gene/1738,"",P09622,9606,"","","","","","","",""
33911374,"",1222,17504222,3665766,"","","",Confirmatory,20100929,0,0,Inactive,"",EC50,"",Burnham Center for Chemical Genomics,High Throughput Screen for Inhibitors of ER Stress-induced Cell Death in a 384 well format.,"2-(4-Aminophenyl)-1,3-benzothiazole-6-carboxylic acid","","","","","","","","","","","","",""
34025699,"",1242,17504222,3665766,"","","",Screening,20080324,0,0,Inactive,AAG29538,"","",PCMD,C. albicans biofilm killing---Mixture HTS,"2-(4-Aminophenyl)-1,3-benzothiazole-6-carboxylic acid",glycosyl-phosphatidylinositol protein (Candida albicans),/protein/AAG29538,"",AAG29538,5476,"","","","","","","",""
34201785,"",1251,17504222,3665766,"","","",Screening,20080414,0,0,Inactive,"","","",SRMLSC,"Anti-Viral Drugs Against Arbovirus Infections, a Primary Screen","2-(4-Aminophenyl)-1,3-benzothiazole-6-carboxylic acid","","","","","","","","","","","","",""
34390030,"",1273,17504222,3665766,"",3630,"",Screening,20080512,0,0,Inactive,AAW83741,"","",Columbia University Molecular Screening Center,Primary screen for compounds that inhibit Insulin promoter activity in TRM-6 cells,"2-(4-Aminophenyl)-1,3-benzothiazole-6-carboxylic acid",INS - insulin (human),/gene/3630,"",P01308,9606,"","","","","","","",""
34691176,"",1274,17504222,3665766,"",653361,"",Screening,20080603,0,0,Inactive,NP_000256,"","",Emory University Molecular Libraries Screening Center,"uHTS of small molecular inhibitors for p47phox, a regulatory protein of NADPH oxidases (Noxs)","2-(4-Aminophenyl)-1,3-benzothiazole-6-carboxylic acid",NCF1 - neutrophil cytosolic factor 1 (human),/gene/653361,"",P14598,9606,"","","","","","","",""
34757543,"",1239,17504222,3665766,"",4790,"",Screening,20090326,0,0,Active,NP_003989,"","",SRMLSC,High Throughput Screen to Identify Compounds that increase expression of NF-kB in Human Neuronal Cells - Primary Screen,"2-(4-Aminophenyl)-1,3-benzothiazole-6-carboxylic acid",NFKB1 - nuclear factor kappa B subunit 1 (human),/gene/4790,"",P19838,9606,"","","","","","","",""
34757544,"",1239,17504222,3665766,"",5970,"",Screening,20090326,0,0,Active,NP_068810,"","",SRMLSC,High Throughput Screen to Identify Compounds that increase expression of NF-kB in Human Neuronal Cells - Primary Screen,"2-(4-Aminophenyl)-1,3-benzothiazole-6-carboxylic acid","RELA - RELA proto-oncogene, NF-kB subunit (human)",/gene/5970,"",Q04206,9606,"","","","","","","",""
35269551,"",1276,17504222,3665766,"",351,"",Screening,20080513,0,0,Inactive,AAB23646,"","",Columbia University Molecular Screening Center,Primary screen for compounds that activate Alzheimer's amyloid precursor,"2-(4-Aminophenyl)-1,3-benzothiazole-6-carboxylic acid",APP - amyloid beta precursor protein (human),/gene/351,"",AAB23646,9606,"","","","","","","",""
35519415,"",1285,17504222,3665766,"",351,"",Screening,20080519,0,0,Active,AAB23646,"","",Columbia University Molecular Screening Center,Primary screen for compounds that inhibit Alzheimer's amyloid precursor protein (APP) translation,"2-(4-Aminophenyl)-1,3-benzothiazole-6-carboxylic acid",APP - amyloid beta precursor protein (human),/gene/351,"",AAB23646,9606,"","","","","","","",""
35637101,"",1296,17504222,3665766,"",3630,"",Screening,20080522,0,0,Inactive,AAW83741,"","",Columbia University Molecular Screening Center,Primary screen for compounds that activate Insulin promoter activity in TRM-6 cells,"2-(4-Aminophenyl)-1,3-benzothiazole-6-carboxylic acid",INS - insulin (human),/gene/3630,"",P01308,9606,"","","","","","","",""
35828930,"",1325,17504222,3665766,"",9429,"",Screening,20081016,0,0,Inactive,NP_004818,"","",NMMLSC,"High-throughput multiplex screening for ABC transporter inhibitors: specifically ABCG2 screen, ABCB1 counter-screen","2-(4-Aminophenyl)-1,3-benzothiazole-6-carboxylic acid",ABCG2 - ATP binding cassette subfamily G member 2 (JR blood group) (human),/gene/9429,7.6.2.2,Q9UNQ0,9606,"","","","","","","",""
35991316,"",1321,17504222,3665766,"",7465,"",Screening,20100615,0,0,Inactive,AAH70052,"","",The Scripps Research Institute Molecular Screening Center,Primary Cell-based High Throughput Screening Assay for Inhibitors of Wee1 Degradation,"2-(4-Aminophenyl)-1,3-benzothiazole-6-carboxylic acid",WEE1 - WEE1 G2 checkpoint kinase (human),/gene/7465,"",AAH70052,9606,"","","","","","","",""
36248345,"",1304,17504222,3665766,"",4886,"",Screening,20100616,0,0,Inactive,NP_000900,"","",The Scripps Research Institute Molecular Screening Center,Primary cell-based high-throughput screening assay for potentiators or agonists of NPY-Y1,"2-(4-Aminophenyl)-1,3-benzothiazole-6-carboxylic acid",NPY1R - neuropeptide Y receptor Y1 (human),/gene/4886,"",P25929,9606,"","","","","","","",""
36454107,"",1362,17504222,3665766,"","","",Screening,20080717,0,0,Inactive,"","","",SRMLSC,Chemical Genetic Screen to Identify Inhibitors of Mitochondrial Fusion - Primary Screen,"2-(4-Aminophenyl)-1,3-benzothiazole-6-carboxylic acid","","","","","","","","","","","","",""
36608238,"",1377,17504222,3665766,"","","",Screening,20080811,0,0,Inactive,"","","",University of Pittsburgh Molecular Library Screening Center,HTS to identify inhibitors of zVAD Induced Cell Death in L929 Cells.,"2-(4-Aminophenyl)-1,3-benzothiazole-6-carboxylic acid","","","","","","","","","","","","",""
36898143,"",1326,17504222,3665766,"",5243,"",Screening,20100512,0,0,Inactive,NP_000918,"","",NMMLSC,"High-throughput multiplex screening for ABC transporter inhibitors: specifically ABCB1 screen, ABCG2 counter-screen","2-(4-Aminophenyl)-1,3-benzothiazole-6-carboxylic acid",ABCB1 - ATP binding cassette subfamily B member 1 (human),/gene/5243,7.6.2.1|7.6.2.2,P08183,9606,"","","","","","","",""
37031208,"",1359,17504222,3665766,"",4887,"",Screening,20100615,0,0,Inactive,NP_000901,"","",The Scripps Research Institute Molecular Screening Center,Primary cell-based high-throughput screening assay for potentiators or agonists of NPY-Y2,"2-(4-Aminophenyl)-1,3-benzothiazole-6-carboxylic acid",NPY2R - neuropeptide Y receptor Y2 (human),/gene/4887,"",P49146,9606,"","","","","","","",""
37282587,"",1376,17504222,3665766,"",886069,"",Confirmatory,20100628,0,0,Inactive,NP_215534,IC50,"",SRMLSC,Inhibitors of Mycobacterial Glucosamine-1-phosphate acetyl transferase (GlmU),"2-(4-Aminophenyl)-1,3-benzothiazole-6-carboxylic acid",glmU - bifunctional UDP-N-acetylglucosamine pyrophosphorylase/glucosamine-1-phosphate N-acetyltransferase (Mycobacterium tuberculosis H37Rv),/gene/886069,2.3.1.157|2.7.7.23,P9WMN3,83332,"","","","","","","",""
37505211,"",1381,17504222,3665766,"","","",Screening,20080818,0,0,Inactive,"","","",University of Pittsburgh Molecular Library Screening Center,HCS to Identify Inhibitors of Dynein Mediated Cargo Transport on Microtubules.,"2-(4-Aminophenyl)-1,3-benzothiazole-6-carboxylic acid","","","","","","","","","","","","",""
37811986,"",1415,17504222,3665766,"",5999,"",Screening,20081201,0,0,Inactive,ABC94590,"","",NMMLSC,"Multiplexed high-throughput screen for small molecule regulators of RGS family protein interactions, specifically RGS4-Galphao.","2-(4-Aminophenyl)-1,3-benzothiazole-6-carboxylic acid",RGS4 - regulator of G protein signaling 4 (human),/gene/5999,"",ABC94590,9606,"","","","","","","",""
37811987,"",1415,17504222,3665766,"",2775,"",Screening,20081201,0,0,Inactive,NP_066268,"","",NMMLSC,"Multiplexed high-throughput screen for small molecule regulators of RGS family protein interactions, specifically RGS4-Galphao.","2-(4-Aminophenyl)-1,3-benzothiazole-6-carboxylic acid",GNAO1 - G protein subunit alpha o1 (human),/gene/2775,3.6.5.-,P09471,9606,"","","","","","","",""
38212726,"",1385,17504222,3665766,"",5888,"",Screening,20081203,0,0,Inactive,CAG38796,"","",PCMD,Homologous recombination - Rad 51,"2-(4-Aminophenyl)-1,3-benzothiazole-6-carboxylic acid",RAD51 - RAD51 recombinase (human),/gene/5888,"",Q06609,9606,"","","","","","","",""
38365678,"",1416,17504222,3665766,"",9451,"",Screening,20100616,0,0,Inactive,NP_004827,"","",The Scripps Research Institute Molecular Screening Center,Primary cell-based high-throughput screening assay to measure PERK inhibition,"2-(4-Aminophenyl)-1,3-benzothiazole-6-carboxylic acid",EIF2AK3 - eukaryotic translation initiation factor 2 alpha kinase 3 (human),/gene/9451,2.7.10.2|2.7.11.1,Q9NZJ5,9606,"","","","","","","",""
38565718,"",1379,17504222,3665766,"","","",Confirmatory,20100706,1,0,Inactive,BAA05005,Potency,"",National Center for Advancing Translational Sciences (NCATS),Counterscreen for Luciferase (Kinase-Glo TM) Inhibition,"2-(4-Aminophenyl)-1,3-benzothiazole-6-carboxylic acid",luciferase (Pennsylania firefly),/protein/BAA05005,"",BAA05005,1710587,"","","","","","","",""
38784965,"",1422,17504222,3665766,"",5732,"",Screening,20081031,0,0,Inactive,NP_000947,"","",Emory University Molecular Libraries Screening Center,Inhibitors of the EP2 Prostaglandin E2 Receptor - Primary Screen,"2-(4-Aminophenyl)-1,3-benzothiazole-6-carboxylic acid",PTGER2 - prostaglandin E receptor 2 (human),/gene/5732,"",P43116,9606,"","","","","","","",""
39044259,"",1424,17504222,3665766,"",368273,"",Screening,20081104,0,0,Inactive,NP_899192,"","",The Scripps Research Institute Molecular Screening Center,Primary cell-based high-throughput screening assay to identify agonists of the transient receptor potential channel N1 (TRPN1),"2-(4-Aminophenyl)-1,3-benzothiazole-6-carboxylic acid","trpn1 - transient receptor potential cation channel, subfamily N, member 1 (zebrafish)",/gene/368273,"",NP_899192,7955,"","","","","","","",""
39345111,"",1430,17504222,3665766,"",3663016,"",Screening,20081110,0,0,Inactive,EAN77629,"","",University of Pittsburgh Molecular Library Screening Center,HTS assay for inhibitors of Trypanosoma brucei hexokinase 1,"2-(4-Aminophenyl)-1,3-benzothiazole-6-carboxylic acid",Tb10.70.5800 - hexokinase (Trypanosoma brucei brucei TREU927),/gene/3663016,"",EAN77629,185431,"","","","","","","",""
39416474,"",1423,17504222,3665766,"",85397,"",Screening,20081201,0,0,Inactive,AAI03867,"","",NMMLSC,"Multiplexed high-throughput screen for small molecule regulators of RGS family protein interactions, specifically RGS8-Galphao.","2-(4-Aminophenyl)-1,3-benzothiazole-6-carboxylic acid",RGS8 - regulator of G protein signaling 8 (human),/gene/85397,"",P57771,9606,"","","","","","","",""
39416475,"",1423,17504222,3665766,"",2775,"",Screening,20081201,0,0,Inactive,NP_066268,"","",NMMLSC,"Multiplexed high-throughput screen for small molecule regulators of RGS family protein interactions, specifically RGS8-Galphao.","2-(4-Aminophenyl)-1,3-benzothiazole-6-carboxylic acid",GNAO1 - G protein subunit alpha o1 (human),/gene/2775,3.6.5.-,P09471,9606,"","","","","","","",""
40005974,"",1434,17504222,3665766,"",865,"",Confirmatory,20110119,0,0,Active,NP_074036,IC50,"",Burnham Center for Chemical Genomics,uHTS identification of compounds inhibiting the binding between the RUNX1 Runt domain and CBFb-SMMHC via a fluorescence resonance energy transfer (FRET) assay.,"2-(4-Aminophenyl)-1,3-benzothiazole-6-carboxylic acid",CBFB - core-binding factor subunit beta (human),/gene/865,"",Q13951,9606,"","","","","","","",""
40005975,"",1434,17504222,3665766,"",861,"",Confirmatory,20110119,0,0,Active,NP_001745,IC50,"",Burnham Center for Chemical Genomics,uHTS identification of compounds inhibiting the binding between the RUNX1 Runt domain and CBFb-SMMHC via a fluorescence resonance energy transfer (FRET) assay.,"2-(4-Aminophenyl)-1,3-benzothiazole-6-carboxylic acid",RUNX1 - RUNX family transcription factor 1 (human),/gene/861,"",Q01196,9606,"","","","","","","",""
40448423,"",1439,17504222,3665766,"",6000,"",Screening,20081201,0,0,Inactive,AAC50351,"","",NMMLSC,"Multiplexed high-throughput screen for small molecule regulators of RGS family protein interactions, specifically RGS7-Galphao.","2-(4-Aminophenyl)-1,3-benzothiazole-6-carboxylic acid",RGS7 - regulator of G protein signaling 7 (human),/gene/6000,"",AAC50351,9606,"","","","","","","",""
40448424,"",1439,17504222,3665766,"",2775,"",Screening,20081201,0,0,Inactive,NP_066268,"","",NMMLSC,"Multiplexed high-throughput screen for small molecule regulators of RGS family protein interactions, specifically RGS7-Galphao.","2-(4-Aminophenyl)-1,3-benzothiazole-6-carboxylic acid",GNAO1 - G protein subunit alpha o1 (human),/gene/2775,3.6.5.-,P09471,9606,"","","","","","","",""
40892055,"",1440,17504222,3665766,"",2775,"",Screening,20081201,0,0,Inconclusive,NP_066268,"","",NMMLSC,"Multiplexed high-throughput screen for small molecule regulators of RGS family protein interactions, specifically RGS19-Galphao.","2-(4-Aminophenyl)-1,3-benzothiazole-6-carboxylic acid",GNAO1 - G protein subunit alpha o1 (human),/gene/2775,3.6.5.-,P09471,9606,"","","","","","","",""
40892056,"",1440,17504222,3665766,"",10287,"",Screening,20081201,0,0,Inconclusive,NP_001034556,"","",NMMLSC,"Multiplexed high-throughput screen for small molecule regulators of RGS family protein interactions, specifically RGS19-Galphao.","2-(4-Aminophenyl)-1,3-benzothiazole-6-carboxylic acid",RGS19 - regulator of G protein signaling 19 (human),/gene/10287,"",P49795,9606,"","","","","","","",""
41323215,"",1441,17504222,3665766,"",6004,"",Screening,20081201,0,0,Inactive,NP_002919,"","",NMMLSC,"Multiplexed high-throughput screen for small molecule regulators of RGS family protein interactions, specifically RGS16-Galphao.","2-(4-Aminophenyl)-1,3-benzothiazole-6-carboxylic acid",RGS16 - regulator of G protein signaling 16 (human),/gene/6004,"",O15492,9606,"","","","","","","",""
41323216,"",1441,17504222,3665766,"",2775,"",Screening,20081201,0,0,Inactive,NP_066268,"","",NMMLSC,"Multiplexed high-throughput screen for small molecule regulators of RGS family protein interactions, specifically RGS16-Galphao.","2-(4-Aminophenyl)-1,3-benzothiazole-6-carboxylic acid",GNAO1 - G protein subunit alpha o1 (human),/gene/2775,3.6.5.-,P09471,9606,"","","","","","","",""
41807185,"",1438,17504222,3665766,"",865,"",Confirmatory,20101229,0,0,Inactive,NP_074036,IC50,"",Burnham Center for Chemical Genomics,Identification of compounds inhibiting the binding between the RUNX1 Runt domain and CBFb-SMMHC via a time resolved fluorescence resonance energy transfer (TR-FRET) assay.,"2-(4-Aminophenyl)-1,3-benzothiazole-6-carboxylic acid",CBFB - core-binding factor subunit beta (human),/gene/865,"",Q13951,9606,"","","","","","","",""
41807186,"",1438,17504222,3665766,"",861,"",Confirmatory,20101229,0,0,Inactive,NP_001745,IC50,"",Burnham Center for Chemical Genomics,Identification of compounds inhibiting the binding between the RUNX1 Runt domain and CBFb-SMMHC via a time resolved fluorescence resonance energy transfer (TR-FRET) assay.,"2-(4-Aminophenyl)-1,3-benzothiazole-6-carboxylic acid",RUNX1 - RUNX family transcription factor 1 (human),/gene/861,"",Q01196,9606,"","","","","","","",""
41892075,"",1443,17504222,3665766,"",8743,"",Screening,20110104,0,0,Inactive,NP_003801,"","",Burnham Center for Chemical Genomics,uHTS for the identification of compounds that potentiate TRAIL-induced apoptosis of cancer cells,"2-(4-Aminophenyl)-1,3-benzothiazole-6-carboxylic acid",TNFSF10 - TNF superfamily member 10 (human),/gene/8743,"",P50591,9606,"","","","","","","",""
42120971,"",1452,17504222,3665766,"",239,"",Confirmatory,20081219,1,0,Inactive,NP_000688,Potency,"",National Center for Advancing Translational Sciences (NCATS),qHTS Assay for Inhibitors of 12-hLO (12-human lipoxygenase),"2-(4-Aminophenyl)-1,3-benzothiazole-6-carboxylic acid","ALOX12 - arachidonate 12-lipoxygenase, 12S type (human)",/gene/239,1.13.11.-|1.13.11.31|1.13.11.33|3.3.2.-,P18054,9606,"","","","","","","",""
42192028,"",1454,17504222,3665766,"",5594,"",Confirmatory,20081219,0,0,Inactive,NP_002736,Potency,"",National Center for Advancing Translational Sciences (NCATS),qHTS Assay for Inhibitors of the ERK Signaling Pathway using a Homogeneous Screening Assay; Stimulation with EGF,"2-(4-Aminophenyl)-1,3-benzothiazole-6-carboxylic acid",MAPK1 - mitogen-activated protein kinase 1 (human),/gene/5594,2.7.11.24,P28482,9606,"","","","","","","",""
42417634,"",1456,17504222,3665766,"",57468,"",Other,20081223,0,0,Inactive,AAG43493,"","",Vanderbilt High Throughput Screening Facility,Identification of Novel Modulators of Cl- dependent Transport Process via HTS: Primary Screen,"2-(4-Aminophenyl)-1,3-benzothiazole-6-carboxylic acid",SLC12A5 - solute carrier family 12 member 5 (human),/gene/57468,"",AAG43493,9606,"","","","","","","",""
42652090,"",1457,17504222,3665766,"",83523,"",Confirmatory,20081223,1,0,Inactive,P97697,Potency,"",National Center for Advancing Translational Sciences (NCATS),qHTS Assay for Identifying the Cell-Membrane Permeable IMPase Inhibitors: Potentiation with Lithium,"2-(4-Aminophenyl)-1,3-benzothiazole-6-carboxylic acid",Impa1 - inositol monophosphatase 1 (Norway rat),/gene/83523,3.1.3.25|3.1.3.94,P97697,10116,"","","","","","","",""
42799776,"",1448,17504222,3665766,"",55283,"",Screening,20100616,0,0,Inactive,AAH60765,"","",The Scripps Research Institute Molecular Screening Center,Primary cell-based high-throughput screening assay to identify agonists of the transient receptor potential channel ML3 (TRPML3),"2-(4-Aminophenyl)-1,3-benzothiazole-6-carboxylic acid",MCOLN3 - mucolipin TRP cation channel 3 (human),/gene/55283,"",AAH60765,9606,"","","","","","","",""
43018494,"",1446,17504222,3665766,"",3717,"",Screening,20100616,0,0,Inactive,EAW58774,"","",The Scripps Research Institute Molecular Screening Center,Primary cell-based high throughput assay for inhibitors of the Janus kinase 2 mutant JAK2V617F,"2-(4-Aminophenyl)-1,3-benzothiazole-6-carboxylic acid",JAK2 - Janus kinase 2 (human),/gene/3717,"",O60674,9606,"","","","","","","",""
43236542,"",1458,17504222,3665766,"",6607,"",Confirmatory,20081223,1,0,Unspecified,NP_059107,Potency,"",National Center for Advancing Translational Sciences (NCATS),qHTS Assay for Enhancers of SMN2 Splice Variant Expression,"2-(4-Aminophenyl)-1,3-benzothiazole-6-carboxylic acid","SMN2 - survival of motor neuron 2, centromeric (human)",/gene/6607,"",Q16637,9606,"","","","","","","",""
43413818,"",1463,17504222,3665766,"","","",Confirmatory,20081229,1,0,Inactive,"",Potency,"",National Center for Advancing Translational Sciences (NCATS),"Counterscreen qHTS for Inhibitors of Tau Fibril Formation, Fluorescence Polarization","2-(4-Aminophenyl)-1,3-benzothiazole-6-carboxylic acid","","","","","","","","","","","","",""
43753608,"",1465,17504222,3665766,"","","",Confirmatory,20081230,0,0,Inactive,"",EC50,"",SRMLSC,"Screen for small molecule probes relevant to Friedreich's ataxia, Single Dose and Dose Response","2-(4-Aminophenyl)-1,3-benzothiazole-6-carboxylic acid","","","","","","","","","","","","",""
44126769,"",1461,17504222,3665766,"",387129,"",Confirmatory,20090610,1,0,Inactive,NP_997055,Potency,"",National Center for Advancing Translational Sciences (NCATS),qHTS Assay for Antagonists of the Neuropeptide S Receptor: cAMP Signal Transduction,"2-(4-Aminophenyl)-1,3-benzothiazole-6-carboxylic acid",NPSR1 - neuropeptide S receptor 1 (human),/gene/387129,"",Q6W5P4,9606,"","","","","","","",""
44435989,"",1468,17504222,3665766,"",4137,"",Confirmatory,20081230,1,0,Inactive,AAI14949,Potency,"",National Center for Advancing Translational Sciences (NCATS),"qHTS for Inhibitors of Tau Fibril Formation, Fluorescence Polarization","2-(4-Aminophenyl)-1,3-benzothiazole-6-carboxylic acid",MAPT - microtubule associated protein tau (human),/gene/4137,"",AAI14949,9606,"","","","","","","",""
44754471,"",1469,17504222,3665766,"",7068,"",Confirmatory,20081231,1,0,Inactive,NP_001121649,Potency,"",National Center for Advancing Translational Sciences (NCATS),qHTS for Inhibitors of the Interaction of Thyroid Hormone Receptor and Steroid Receptor Coregulator 2,"2-(4-Aminophenyl)-1,3-benzothiazole-6-carboxylic acid",THRB - thyroid hormone receptor beta (human),/gene/7068,"",P10828,9606,"","","","","","","",""
45004033,"",1471,17504222,3665766,"",3064,"",Confirmatory,20090320,1,0,Inactive,NP_002102,"","",National Center for Advancing Translational Sciences (NCATS),qHTS Multiplex Assay to Identify Dual Action Probes in a Cell Model of Huntington: Cytoprotection (ATP),"2-(4-Aminophenyl)-1,3-benzothiazole-6-carboxylic acid",HTT - huntingtin (human),/gene/3064,"",P42858,9606,"","","","","","","",""
45664205,"",1477,17504222,3665766,"","","",Confirmatory,20090102,1,0,Inactive,"",Potency,"",National Center for Advancing Translational Sciences (NCATS),qHTS Assay for Compounds Blocking the Interaction Between CBF-beta and RUNX1 for the Treatment of Acute Myeloid Leukemia,"2-(4-Aminophenyl)-1,3-benzothiazole-6-carboxylic acid","","","","","","","","","","","","",""
45913909,"",1479,17504222,3665766,"",7068,"",Confirmatory,20090107,1,0,Inactive,NP_001121649,Potency,"",National Center for Advancing Translational Sciences (NCATS),Total Fluorescence Counterscreen for Inhibitors of the Interaction of Thyroid Hormone Receptor and Steroid Receptor Coregulator 2,"2-(4-Aminophenyl)-1,3-benzothiazole-6-carboxylic acid",THRB - thyroid hormone receptor beta (human),/gene/7068,"",P10828,9606,"","","","","","","",""
46559833,"",1481,17504222,3665766,"",7415,"",Screening,20100616,0,0,Inactive,AAI21795,"","",The Scripps Research Institute Molecular Screening Center,Primary biochemical high-throughput screening assay to measure P97 ATPase inhibition,"2-(4-Aminophenyl)-1,3-benzothiazole-6-carboxylic acid",VCP - valosin containing protein (human),/gene/7415,"",AAI21795,9606,"","","","","","","",""
46782359,"",1487,17504222,3665766,"",4000,"",Confirmatory,20090107,1,0,Inactive,NP_733822,Potency,"",National Center for Advancing Translational Sciences (NCATS),qHTS Assay for Modulators of Lamin A Splicing,"2-(4-Aminophenyl)-1,3-benzothiazole-6-carboxylic acid",LMNA - lamin A/C (human),/gene/4000,"",P02545,9606,"","","","","","","",""
47249147,"",1486,17504222,3665766,"","","",Screening,20100616,0,0,Inactive,"","","",The Scripps Research Institute Molecular Screening Center,Counterscreen for inhibitors of Janus kinase 2 mutant JAK2V617F: Cell-based high throughput assay to identify inhibitors of parental Ba/F3 cell viability.,"2-(4-Aminophenyl)-1,3-benzothiazole-6-carboxylic acid","","","","","","","","","","","","",""
47857697,"",1496,17504222,3665766,"",865,"",Screening,20101229,0,0,Inactive,NP_074036,"","",Burnham Center for Chemical Genomics,uHTS identification of compounds inhibiting the binding between the RUNX1 Runt domain and CBFb via a fluorescence resonance energy transfer (FRET) assay.,"2-(4-Aminophenyl)-1,3-benzothiazole-6-carboxylic acid",CBFB - core-binding factor subunit beta (human),/gene/865,"",Q13951,9606,"","","","","","","",""
47857698,"",1496,17504222,3665766,"",861,"",Screening,20101229,0,0,Inactive,NP_001745,"","",Burnham Center for Chemical Genomics,uHTS identification of compounds inhibiting the binding between the RUNX1 Runt domain and CBFb via a fluorescence resonance energy transfer (FRET) assay.,"2-(4-Aminophenyl)-1,3-benzothiazole-6-carboxylic acid",RUNX1 - RUNX family transcription factor 1 (human),/gene/861,"",Q01196,9606,"","","","","","","",""
48270707,"",1511,17504222,3665766,"",3757,"",Screening,20100327,0,0,Inactive,AAA62473,"","",Johns Hopkins Ion Channel Center,Primary cell-based high-throughput screening assay for identification of compounds that protect hERG from block by proarrhythmic agents,"2-(4-Aminophenyl)-1,3-benzothiazole-6-carboxylic acid",KCNH2 - potassium voltage-gated channel subfamily H member 2 (human),/gene/3757,"",Q12809,9606,"","","","","","","",""
48405865,"",1515,17504222,3665766,"",10741,"",Screening,20100616,0,0,Inactive,NP_006597,"","",The Scripps Research Institute Molecular Screening Center,Primary biochemical high throughput screening assay to identify inhibitors of Retinoblastoma binding protein 9 (RBBP9),"2-(4-Aminophenyl)-1,3-benzothiazole-6-carboxylic acid","RBBP9 - RB binding protein 9, serine hydrolase (human)",/gene/10741,3.1.-.-,O75884,9606,"","","","","","","",""
48681039,"",1509,17504222,3665766,"",8698,"",Screening,20100616,0,0,Inactive,AAH14970,"","",The Scripps Research Institute Molecular Screening Center,Primary Cell-Based Assay to Identify Agonists of the Sphingosine 1-Phosphate Receptor 4 (S1P4),"2-(4-Aminophenyl)-1,3-benzothiazole-6-carboxylic acid",S1PR4 - sphingosine-1-phosphate receptor 4 (human),/gene/8698,"",O95977,9606,"","","","","","","",""
48836035,"",1510,17504222,3665766,"",8698,"",Screening,20100616,0,0,Inactive,AAH14970,"","",The Scripps Research Institute Molecular Screening Center,Primary Cell-Based Assay to Identify Antagonists of the Sphingosine 1-Phosphate Receptor 4 (S1P4),"2-(4-Aminophenyl)-1,3-benzothiazole-6-carboxylic acid",S1PR4 - sphingosine-1-phosphate receptor 4 (human),/gene/8698,"",O95977,9606,"","","","","","","",""
49385597,"",1529,17504222,3665766,"",4215,"",Screening,20090302,0,0,Inactive,NP_976226,"","",NMMLSC,"Multiplex HTS Assay for Inhibitors of MEK Kinase PB1 Domains, specifically MEK5 MEK Kinase3 Wildtype","2-(4-Aminophenyl)-1,3-benzothiazole-6-carboxylic acid",MAP3K3 - mitogen-activated protein kinase kinase kinase 3 (human),/gene/4215,2.7.11.25,Q99759,9606,"","","","","","","",""
49510482,"",1530,17504222,3665766,"",5871,"",Screening,20090302,0,0,Inactive,NP_004570,"","",NMMLSC,"Multiplex HTS Assay for Inhibitors of MEK Kinase PB1 Domains, specifically MEK5 MEK Kinase 2 mutant","2-(4-Aminophenyl)-1,3-benzothiazole-6-carboxylic acid",MAP4K2 - mitogen-activated protein kinase kinase kinase kinase 2 (human),/gene/5871,2.7.11.1,Q12851,9606,"","","","","","","",""
49963380,"",1531,17504222,3665766,"",5871,"",Screening,20090302,0,0,Inactive,NP_004570,"","",NMMLSC,"Multiplex HTS Assay for Inhibitors of MEK Kinase PB1 Domains, specifically MEK5 binding to MEK Kinase 2 Wildtype","2-(4-Aminophenyl)-1,3-benzothiazole-6-carboxylic acid",MAP4K2 - mitogen-activated protein kinase kinase kinase kinase 2 (human),/gene/5871,2.7.11.1,Q12851,9606,"","","","","","","",""
50258809,"",1527,17504222,3665766,"","","",Screening,20121226,0,0,Inactive,AAF61483,"","",The Scripps Research Institute Molecular Screening Center,Primary biochemical high throughput screening assay to identify inhibitors of VIM-2 metallo-beta-lactamase,"2-(4-Aminophenyl)-1,3-benzothiazole-6-carboxylic acid",metallo beta-lactamase (Pseudomonas aeruginosa),/protein/AAF61483,"",AAF61483,287,"","","","","","","",""
50595160,"",1533,17504222,3665766,"",888704,"",Screening,20090303,0,0,Inactive,NP_217783,"","",PCMD,Rml C and D inhibition 384-well mixture HTS from 1536-well compound plates,"2-(4-Aminophenyl)-1,3-benzothiazole-6-carboxylic acid",rmlD - dTDP-4-dehydrorhamnose reductase (Mycobacterium tuberculosis H37Rv),/gene/888704,1.1.1.133,P9WH09,83332,"","","","","","","",""
50595161,"",1533,17504222,3665766,"",887352,"",Screening,20090303,0,0,Inactive,NP_217982,"","",PCMD,Rml C and D inhibition 384-well mixture HTS from 1536-well compound plates,"2-(4-Aminophenyl)-1,3-benzothiazole-6-carboxylic acid","rmlC - dTDP-4-dehydrorhamnose 3,5-epimerase (Mycobacterium tuberculosis H37Rv)",/gene/887352,5.1.3.13,P9WH11,83332,"","","","","","","",""
50904400,"",1554,17504222,3665766,"","","",Screening,20090317,0,0,Inactive,"","","",Broad Institute,MLPCN Ras selective lethality-BJeLR viability,"2-(4-Aminophenyl)-1,3-benzothiazole-6-carboxylic acid","","","","","","","","","","","","",""
51187144,"",1565,17504222,3665766,"",162466,"",Confirmatory,20101230,0,0,Inactive,NP_001137276,IC50,"",Burnham Center for Chemical Genomics,uHTS absorbance assay for the identification of compounds that inhibit PHOSPHO1,"2-(4-Aminophenyl)-1,3-benzothiazole-6-carboxylic acid",PHOSPHO1 - phosphoethanolamine/phosphocholine phosphatase 1 (human),/gene/162466,3.1.3.75,Q8TCT1,9606,"","","","","","","",""
51449935,"",1556,17504222,3665766,"","","",Screening,20130104,0,0,Inactive,AAN87168,"","",The Scripps Research Institute Molecular Screening Center,Epi-absorbance primary biochemical high throughput screening assay to identify inhibitors of IMP-1 metallo-beta-lactamase,"2-(4-Aminophenyl)-1,3-benzothiazole-6-carboxylic acid",metallo-beta-lactamase IMP-1 (Pseudomonas aeruginosa),/protein/AAN87168,"",AAN87168,287,"","","","","","","",""
51801902,"",1619,17504222,3665766,"",812021,"",Confirmatory,20090327,0,0,Inactive,XP_001348613,IC50,"",SRMLSC,Inhibitors of Plasmodium falciparum M17- Family Leucine Aminopeptidase (M17LAP),"2-(4-Aminophenyl)-1,3-benzothiazole-6-carboxylic acid",PF3D7_1446200 - M17 leucyl aminopeptidase (Plasmodium falciparum 3D7),/gene/812021,3.4.11.1|3.4.13.-,Q8IL11,36329,"","","","","","","",""
52077550,"",1621,17504222,3665766,"","","",Confirmatory,20100226,0,0,Inactive,"",IC50,"",Southern Research Specialized Biocontainment Screening Center,A Cell Based Assay for the Identification of Lead Compounds with Anti-Viral Activity Against West Nile Virus,"2-(4-Aminophenyl)-1,3-benzothiazole-6-carboxylic acid","","","","","",50,"","","","","","",""
52308703,"",1566,17504222,3665766,"",64127,"",Confirmatory,20101230,0,0,Inactive,NP_071445,EC50,"",Burnham Center for Chemical Genomics,uHTS luminescence assay for the identification of compounds that inhibit NOD2,"2-(4-Aminophenyl)-1,3-benzothiazole-6-carboxylic acid",NOD2 - nucleotide binding oligomerization domain containing 2 (human),/gene/64127,"",Q9HC29,9606,"","","","","","","",""
52580543,"",1578,17504222,3665766,"",10392,"",Confirmatory,20101230,0,0,Active,NP_006083,EC50,"",Burnham Center for Chemical Genomics,uHTS luminescence assay for the identification of compounds that inhibit NOD1,"2-(4-Aminophenyl)-1,3-benzothiazole-6-carboxylic acid",NOD1 - nucleotide binding oligomerization domain containing 1 (human),/gene/10392,"",Q9Y239,9606,45,"","","","","","",""
53005178,"",1631,17504222,3665766,"",5315,"",Confirmatory,20090619,1,0,Inactive,NP_002645,Potency,"",National Center for Advancing Translational Sciences (NCATS),qHTS Assay for Activators of Human Muscle isoform 2 Pyruvate Kinase,"2-(4-Aminophenyl)-1,3-benzothiazole-6-carboxylic acid",PKM - pyruvate kinase M1/2 (human),/gene/5315,2.7.1.40|2.7.10.2|2.7.11.1,P14618,9606,"","","","","","","",""
53075940,"",1634,17504222,3665766,"",5315,"",Confirmatory,20090619,1,0,Inactive,NP_002645,Potency,"",National Center for Advancing Translational Sciences (NCATS),qHTS Assay for Inhibitors of Human Muscle isoform 2 Pyruvate Kinase,"2-(4-Aminophenyl)-1,3-benzothiazole-6-carboxylic acid",PKM - pyruvate kinase M1/2 (human),/gene/5315,2.7.1.40|2.7.10.2|2.7.11.1,P14618,9606,"","","","","","","",""
53491175,"",1626,17504222,3665766,"","","",Confirmatory,20091002,0,0,Inactive,"",IC50,"",SRMLSC,High Throughput Screen to Identify Inhibitors of Mycobacterium tuberculosis H37Rv,"2-(4-Aminophenyl)-1,3-benzothiazole-6-carboxylic acid","","","","","","","","","","","","",""
53564898,"",1628,17504222,3665766,"","","",Confirmatory,20101230,0,0,Inactive,"",IC50,"",Burnham Center for Chemical Genomics,HCS for Compounds that Down-Regulate Insulin Promoter Activity in MIN6 Cells,"2-(4-Aminophenyl)-1,3-benzothiazole-6-carboxylic acid","","","","","","","","","","","","",""
53877173,"",1625,17504222,3665766,"","","",Confirmatory,20101230,0,0,Inactive,"",EC50,"",Burnham Center for Chemical Genomics,HCS for Compounds that Up-Regulate Insulin Promoter Activity in MIN6 Cells,"2-(4-Aminophenyl)-1,3-benzothiazole-6-carboxylic acid","","","","","","","","","","","","",""
54133732,"",1662,17504222,3665766,"","","",Screening,20090409,0,0,Inactive,NP_269944,"","",Broad Institute,MLPCN Streptokinase Expression Inhibition,"2-(4-Aminophenyl)-1,3-benzothiazole-6-carboxylic acid",streptokinase A precursor (Streptococcus pyogenes M1 GAS),/protein/NP_269944,"",P10520,160490,"","","","","","","",""
54279531,"",1663,17504222,3665766,"","","",Screening,20090409,0,0,Inactive,"","","",Broad Institute,MLPCN Platelet Activation -Dense Granule Release,"2-(4-Aminophenyl)-1,3-benzothiazole-6-carboxylic acid","","","","","","","","","","","","",""
54739061,"",1654,17504222,3665766,"",1845,"",Confirmatory,20101230,0,0,Inactive,NP_004081,IC50,"",Burnham Center for Chemical Genomics,uHTS absorbance assay for the identification of compounds that inhibit VHR1.,"2-(4-Aminophenyl)-1,3-benzothiazole-6-carboxylic acid",DUSP3 - dual specificity phosphatase 3 (human),/gene/1845,3.1.3.16|3.1.3.48,P51452,9606,"","","","","","","",""
55024483,"",1656,17504222,3665766,"","","",Screening,20101230,0,0,Inactive,"","","",Burnham Center for Chemical Genomics,High Throughput Imaging Assay for Hepatic Lipid Droplet Formation,"2-(4-Aminophenyl)-1,3-benzothiazole-6-carboxylic acid","","","","","","","","","","","","",""
55229584,"",1688,17504222,3665766,"",3064,"",Confirmatory,20090421,1,0,Inactive,NP_002102,Potency,"",National Center for Advancing Translational Sciences (NCATS),qHTS Multiplex Assay to Identify Dual Action Probes in a Cell Model of Huntington: Aggregate Formation (GFP),"2-(4-Aminophenyl)-1,3-benzothiazole-6-carboxylic acid",HTT - huntingtin (human),/gene/3064,"",P42858,9606,"","","","","","","",""
55487014,"",1700,17504222,3665766,"",688,"",Screening,20090629,0,0,Active,ABM97548,"","",The Scripps Research Institute Molecular Screening Center,Primary cell-based high throughput screening assay to identify inhibitors of kruppel-like factor 5 (KLF5),"2-(4-Aminophenyl)-1,3-benzothiazole-6-carboxylic acid",KLF5 - KLF transcription factor 5 (human),/gene/688,"",ABM97548,9606,"","","","","","","",""
55613614,"",1672,17504222,3665766,"",16518,"",Screening,20100329,0,0,Inactive,NP_032451,"","",Johns Hopkins Ion Channel Center,Primary cell-based high-throughput screening assay for identification of compounds that inhibit/block inward-rectifying potassium ion channel Kir2.1,"2-(4-Aminophenyl)-1,3-benzothiazole-6-carboxylic acid","Kcnj2 - potassium inwardly-rectifying channel, subfamily J, member 2 (house mouse)",/gene/16518,"",P35561,10090,"","","","","","","",""
56048105,"",1665,17504222,3665766,"",1499,"",Confirmatory,20101230,0,0,Inactive,NP_001895,IC50,"",Burnham Center for Chemical Genomics,High Throughput Imaging Assay for Beta-Catenin,"2-(4-Aminophenyl)-1,3-benzothiazole-6-carboxylic acid",CTNNB1 - catenin beta 1 (human),/gene/1499,"",P35222,9606,30,"","","","","","",""
56305777,"",1766,17504222,3665766,"",4221,"",Confirmatory,20090515,1,0,Inactive,NP_000235,Potency,"",National Center for Advancing Translational Sciences (NCATS),qHTS Assay for Inhibitors Targeting the Menin-MLL Interaction in MLL Related Leukemias: Competition With Fluorescein Labeled MLL-derived Peptide,"2-(4-Aminophenyl)-1,3-benzothiazole-6-carboxylic acid",MEN1 - menin 1 (human),/gene/4221,"",O00255,9606,"","","","","","","",""
56305778,"",1766,17504222,3665766,"",4297,"",Confirmatory,20090515,1,0,Inactive,NP_005924,Potency,"",National Center for Advancing Translational Sciences (NCATS),qHTS Assay for Inhibitors Targeting the Menin-MLL Interaction in MLL Related Leukemias: Competition With Fluorescein Labeled MLL-derived Peptide,"2-(4-Aminophenyl)-1,3-benzothiazole-6-carboxylic acid",KMT2A - lysine methyltransferase 2A (human),/gene/4297,2.1.1.-|2.1.1.364,Q03164,9606,"","","","","","","",""
57357843,"",1706,17504222,3665766,"","","",Screening,20100615,0,0,Inactive,AAZ82016,"","",The Scripps Research Institute Molecular Screening Center,QFRET-based primary biochemical high throughput screening assay to identify inhibitors of the SARS coronavirus 3C-like Protease (3CLPro),"2-(4-Aminophenyl)-1,3-benzothiazole-6-carboxylic acid","3C-like protease, partial (Infectious bronchitis virus)",/protein/AAZ82016,"",AAZ82016,11120,"","","","","","","",""
57765868,"",1768,17504222,3665766,"",4221,"",Confirmatory,20090515,1,0,Inactive,NP_000235,Potency,"",National Center for Advancing Translational Sciences (NCATS),qHTS Assay for Inhibitors Targeting the Menin-MLL Interaction in MLL Related Leukemias: Competition With Texas Red Labeled MLL-derived Mutant Peptide,"2-(4-Aminophenyl)-1,3-benzothiazole-6-carboxylic acid",MEN1 - menin 1 (human),/gene/4221,"",O00255,9606,"","","","","","","",""
57765869,"",1768,17504222,3665766,"",4297,"",Confirmatory,20090515,1,0,Inactive,NP_005924,Potency,"",National Center for Advancing Translational Sciences (NCATS),qHTS Assay for Inhibitors Targeting the Menin-MLL Interaction in MLL Related Leukemias: Competition With Texas Red Labeled MLL-derived Mutant Peptide,"2-(4-Aminophenyl)-1,3-benzothiazole-6-carboxylic acid",KMT2A - lysine methyltransferase 2A (human),/gene/4297,2.1.1.-|2.1.1.364,Q03164,9606,"","","","","","","",""
58212247,"",1775,17504222,3665766,"","","",Other,20090524,0,0,Inactive,"","","",NMMLSC,Profiling compound fluorescence on Avidin Beads with 488 nm excitation and 530 nm emission,"2-(4-Aminophenyl)-1,3-benzothiazole-6-carboxylic acid","","","","","","","","","","","","",""
58429979,"",1777,17504222,3665766,"",4986,"",Confirmatory,20101230,0,0,Inactive,NP_000903,EC50,"",Burnham Center for Chemical Genomics,uHTS identification of small molecule agonists of the kappa opioid receptor via a luminescent beta-arrestin assay,"2-(4-Aminophenyl)-1,3-benzothiazole-6-carboxylic acid",OPRK1 - opioid receptor kappa 1 (human),/gene/4986,"",P41145,9606,"","","","","","","",""
58716585,"",1778,17504222,3665766,"",4986,"",Confirmatory,20101230,0,0,Inactive,NP_000903,IC50,"",Burnham Center for Chemical Genomics,uHTS identification of small molecule antagonists of the kappa opioid receptor via a luminescent beta-arrestin assay,"2-(4-Aminophenyl)-1,3-benzothiazole-6-carboxylic acid",OPRK1 - opioid receptor kappa 1 (human),/gene/4986,"",P41145,9606,"","","","","","","",""
59004722,"",1776,17504222,3665766,"","","",Other,20110328,0,0,Inactive,"","","",NMMLSC,Profiling compound fluorescence on GSH Beads with 488 nm excitation and 530 nm emission,"2-(4-Aminophenyl)-1,3-benzothiazole-6-carboxylic acid","","","","","","","","","","","","",""
59216561,"",1813,17504222,3665766,"","","",Screening,20091214,0,0,Active,"","","",Broad Institute,MLPCN Alpha-Synuclein 5'UTR - 5'-UTR binding - inhibitors,"2-(4-Aminophenyl)-1,3-benzothiazole-6-carboxylic acid","","","","","","","","","","","","",""
59576352,"",1789,17504222,3665766,"",3320,"",Screening,20100615,0,0,Active,AAI08696,"","",The Scripps Research Institute Molecular Screening Center,Luminescence-based primary biochemical high throughput screening assay to identify inhibitors of the Heat Shock Protein 90 (HSP90),"2-(4-Aminophenyl)-1,3-benzothiazole-6-carboxylic acid",HSP90AA1 - heat shock protein 90 alpha family class A member 1 (human),/gene/3320,"",AAI08696,9606,"","","","","","","",""
59816752,"",1800,17504222,3665766,"","","",Screening,20100615,0,0,Inactive,ABN45876,"","",The Scripps Research Institute Molecular Screening Center,Fluorescence-based primary biochemical high throughput screening assay to identify inhibitors of the Hepatitis C Virus non-structural protein 3 helicase (NS3),"2-(4-Aminophenyl)-1,3-benzothiazole-6-carboxylic acid","NS3, partial (Hepacivirus C)",/protein/ABN45876,"",A3EZJ3,3052230,"","","","","","","",""
60109401,"",1779,17504222,3665766,"",26191,"",Confirmatory,20101230,0,0,Inactive,NP_057051,IC50,"",Burnham Center for Chemical Genomics,uHTS identification of small molecule inhibitors of LYP via a fluorescence intensity assay,"2-(4-Aminophenyl)-1,3-benzothiazole-6-carboxylic acid",PTPN22 - protein tyrosine phosphatase non-receptor type 22 (human),/gene/26191,3.1.3.48,Q9Y2R2,9606,"","","","","","","",""
60420049,"",1825,17504222,3665766,"","","",Screening,20090618,0,0,Inactive,"","","",The Scripps Research Institute Molecular Screening Center,Luminescence-based counterscreen assay for KLF5 inhibitors: cell-based high throughput screening assay to identify cytotoxic compounds using the IEC-6 intestinal epithelial cell line.,"2-(4-Aminophenyl)-1,3-benzothiazole-6-carboxylic acid","","","","","","","","","","","","",""
60780075,"",1814,17504222,3665766,"","","",Screening,20091214,0,0,Inactive,"","","",Broad Institute,MLPCN Alpha-Synuclein 5'UTR - 5'-UTR binding - activators,"2-(4-Aminophenyl)-1,3-benzothiazole-6-carboxylic acid","","","","","","","","","","","","",""
61012748,"",1822,17504222,3665766,"",813594,"",Screening,20100615,0,0,Inactive,CAD52000,"","",The Scripps Research Institute Molecular Screening Center,QFRET-based primary biochemical high throughput screening assay to identify inhibitors of the Plasmodium falciparum M18 Aspartyl Aminopeptidase (PFM18AAP).,"2-(4-Aminophenyl)-1,3-benzothiazole-6-carboxylic acid",PF3D7_0932300 - M18 aspartyl aminopeptidase (Plasmodium falciparum 3D7),/gene/813594,"",Q8I2J3,36329,"","","","","","","",""
61363308,"",1817,17504222,3665766,"",5339,"",Confirmatory,20110103,0,0,Inactive,AAR95677,IC50,"",Burnham Center for Chemical Genomics,uHTS identification of small molecule antagonists of the binding of Siah-1 and a peptide ligand via a fluorescence polarization assay.,"2-(4-Aminophenyl)-1,3-benzothiazole-6-carboxylic acid",PLEC - plectin (human),/gene/5339,"",AAR95677,9606,"","","","","","","",""
61698894,"",1861,17504222,3665766,"",2831,"",Screening,20090720,0,0,Inactive,EAW86722,"","",The Scripps Research Institute Molecular Screening Center,Fluorescence-based primary cell-based high throughput screening assay to identify antagonists of the G-protein coupled receptor 7 (GPR7).,"2-(4-Aminophenyl)-1,3-benzothiazole-6-carboxylic acid",NPBWR1 - neuropeptides B and W receptor 1 (human),/gene/2831,"",P48145,9606,"","","","","","","",""
61977462,"",1832,17504222,3665766,"",178296,"",Screening,20090929,0,0,Inactive,Q9XUB2,"","",Broad Institute,MLPCN maternal gene expression-MEX-5 TCR-2 binding assay-Primary Screen,"2-(4-Aminophenyl)-1,3-benzothiazole-6-carboxylic acid",mex-5 - Zinc finger protein mex-5 (Caenorhabditis elegans),/gene/178296,"",Q9XUB2,6239,"","","","","","","",""
62370499,"",1850,17504222,3665766,"","","",Confirmatory,20100217,0,0,Inactive,"",IC50,"",Southern Research Specialized Biocontainment Screening Center,A small molecule screen for inhibitors of the PhoP regulon in Salmonella typhi,"2-(4-Aminophenyl)-1,3-benzothiazole-6-carboxylic acid","","","","","","","","","","","","",""
62717642,"",1845,17504222,3665766,"","","",Screening,20100615,0,0,Inactive,ABN45876,"","",The Scripps Research Institute Molecular Screening Center,Fluorescence-based counterscreen assay for HCV NS3 helicase inhibitors: biochemical high-throughput screening assay to identify compounds that cause fluorescent intercalator displacement (FID),"2-(4-Aminophenyl)-1,3-benzothiazole-6-carboxylic acid","NS3, partial (Hepacivirus C)",/protein/ABN45876,"",A3EZJ3,3052230,"","","","","","","",""
62808315,"",1847,17504222,3665766,"","","",Screening,20100615,0,0,Active,"","","",The Scripps Research Institute Molecular Screening Center,Luminescence-based counterscreen assay for HSP90 inhibitors: biochemical high throughput screening assay to identify inhibitors of native luciferase.,"2-(4-Aminophenyl)-1,3-benzothiazole-6-carboxylic acid","","","","","","","","","","","","",""
62810471,"",1846,17504222,3665766,"",3320,"",Screening,20100615,0,0,Active,AAI08696,"","",The Scripps Research Institute Molecular Screening Center,Luminescence-based confirmation biochemical high throughput screening assay for inhibitors of the Heat Shock Protein 90 (HSP90),"2-(4-Aminophenyl)-1,3-benzothiazole-6-carboxylic acid",HSP90AA1 - heat shock protein 90 alpha family class A member 1 (human),/gene/3320,"",AAI08696,9606,"","","","","","","",""
62819850,"",1834,17504222,3665766,"",688,"",Screening,20100615,0,0,Active,ABM97548,"","",The Scripps Research Institute Molecular Screening Center,Luminescence-based confirmation cell-based high throughput screening assay to identify inhibitors of kruppel-like factor 5 (KLF5),"2-(4-Aminophenyl)-1,3-benzothiazole-6-carboxylic acid",KLF5 - KLF transcription factor 5 (human),/gene/688,"",ABM97548,9606,"","","","","","","",""
62901239,"",1865,17504222,3665766,"","","",Confirmatory,20090710,1,0,Inactive,"",Potency,"",National Center for Advancing Translational Sciences (NCATS),Quantitative High-Throughput Screen for Regulators of Epigenetic Control,"2-(4-Aminophenyl)-1,3-benzothiazole-6-carboxylic acid","","","","","","","","","","","","",""
63142657,"",1875,17504222,3665766,"","","",Screening,20090916,0,0,Inactive,"","","",Broad Institute,Luminescence Cell-Based Primary HTS to Identify Inhibitors of Polyadenylation,"2-(4-Aminophenyl)-1,3-benzothiazole-6-carboxylic acid","","","","","","","","","","","","",""
63576451,"",1868,17504222,3665766,"",2584,"",Confirmatory,20091026,1,0,Inactive,NP_000145,Potency,"",National Center for Advancing Translational Sciences (NCATS),qHTS Assay for Inhibitors of Human Galactokinase (GALK),"2-(4-Aminophenyl)-1,3-benzothiazole-6-carboxylic acid",GALK1 - galactokinase 1 (human),/gene/2584,2.7.1.6,P51570,9606,"","","","","","","",""
63721515,"",1863,17504222,3665766,"","","",Confirmatory,20100222,0,0,Inactive,"",IC50,"",Southern Research Specialized Biocontainment Screening Center,A small molecule screen for inhibitors of the PhoP regulon in Salmonella Typhimurium,"2-(4-Aminophenyl)-1,3-benzothiazole-6-carboxylic acid","","","","","","","","","","","","",""
64016736,"",1905,17504222,3665766,"","","",Screening,20090821,0,0,Inactive,"","","",The Scripps Research Institute Molecular Screening Center,Luminescence-based counterscreen assay for KLF5 inhibitors: cell-based high throughput screening assay to identify cytotoxic compounds using the IEC-6 intestinal epithelial cell line in triplicate.,"2-(4-Aminophenyl)-1,3-benzothiazole-6-carboxylic acid","","","","","","","","","","","","",""
64117449,"",1885,17504222,3665766,"","","",Screening,20090929,0,0,Inactive,"","","",Broad Institute,Luminescence Cell-Based/Microorganism Primary HTS to Identify Inhibitors of T.Cruzi Replication,"2-(4-Aminophenyl)-1,3-benzothiazole-6-carboxylic acid","","","","","","","","","","","","",""
64469467,"",1899,17504222,3665766,"","","",Screening,20100615,0,0,Inactive,ABC47431,"","",The Scripps Research Institute Molecular Screening Center,TR-FRET-based primary biochemical high-throughput screening assay to identify inhibitors of Hepatitis C Virus (HCV) core protein dimerization,"2-(4-Aminophenyl)-1,3-benzothiazole-6-carboxylic acid","core protein, partial (Hepacivirus C)",/protein/ABC47431,"",ABC47431,3052230,"","","","","","","",""
64722653,"",1906,17504222,3665766,"","","",Screening,20100616,0,0,Inactive,CAI16307,"","",The Scripps Research Institute Molecular Screening Center,QFRET-based counterscreen for PFM18AAP inhibitors: biochemical high throughput screening assay to identify inhibitors of the Cathepsin L proteinase (CTSL1).,"2-(4-Aminophenyl)-1,3-benzothiazole-6-carboxylic acid",cathepsin L1 (human),/protein/CAI16307,"",CAI16307,9606,"","","","","","","",""
65188114,"",1903,17504222,3665766,"","","",Confirmatory,20110304,0,0,Inactive,YP_003708382,IC50,"",Southern Research Specialized Biocontainment Screening Center,Identification of SV40 T antigen inhibitors: A route to novel anti-viral reagents,"2-(4-Aminophenyl)-1,3-benzothiazole-6-carboxylic acid",large T antigen (Betapolyomavirus macacae),/protein/YP_003708382,5.6.2.4,P03070,1891767,"","","","","","","",""
65555889,"",1910,17504222,3665766,"","","",Screening,20091008,0,0,Inactive,"","","",Broad Institute,Luminescence Cell-Based Primary HTS to Identify Transcriptional Activators of Hypoxia-Inducible Factor Pathway,"2-(4-Aminophenyl)-1,3-benzothiazole-6-carboxylic acid","","","","","","","","","","","","",""
66022240,"",1947,17504222,3665766,"",226016,"",Screening,20100615,0,0,Inactive,AAH32261,"","",The Scripps Research Institute Molecular Screening Center,Fluorescence polarization-based counterscreen for RBBP9 inhibitors: primary biochemical high throughput screening assay to identify inhibitors of the serine hydrolase family member Fam108B.,"2-(4-Aminophenyl)-1,3-benzothiazole-6-carboxylic acid",Abhd17b - abhydrolase domain containing 17B (house mouse),/gene/226016,"",AAH32261,10090,"","","","","","","",""
66324596,"",1950,17504222,3665766,"",3783774,"",Screening,20100616,0,0,Inactive,CAD53427,"","",The Scripps Research Institute Molecular Screening Center,Fluorescence polarization-based primary biochemical high throughput screening assay to identify inhibitors of the Epstein-Barr virus nuclear antigen 1 (EBNA-1).,"2-(4-Aminophenyl)-1,3-benzothiazole-6-carboxylic acid",EBNA-1 - nuclear antigen EBNA-1 (Epstein-Barr virus),/gene/3783774,"",CAD53427,10376,"","","","","","","",""
66704151,"",1956,17504222,3665766,"","","",Confirmatory,20090925,0,0,Inactive,"",Conc @ Max Fold Increase,"",SRMLSC,A high-throughput screen to identify small molecule compounds that augment HSV replication,"2-(4-Aminophenyl)-1,3-benzothiazole-6-carboxylic acid","","","","","","","","","","","","",""
66764614,"",1962,17504222,3665766,"","","",Screening,20100616,0,0,Inactive,XP_717710,"","",The Scripps Research Institute Molecular Screening Center,Fluorescence polarization-based primary biochemical high throughput screening assay to identify inhibitors of tRNA 2'-phosphotransferase (TPT1).,"2-(4-Aminophenyl)-1,3-benzothiazole-6-carboxylic acid",likely tRNA 2'-phosphotransferase (Candida albicans SC5314),/protein/XP_717710,"",XP_717710,237561,"","","","","","","",""
67073158,"",1974,17504222,3665766,"",9446,"",Screening,20100616,0,0,Inactive,NP_004823,"","",The Scripps Research Institute Molecular Screening Center,Fluorescence polarization-based counterscreen for RBBP9 inhibitors: primary biochemical high throughput screening assay to identify inhibitors of the oxidoreductase glutathione S-transferase omega 1(GSTO1).,"2-(4-Aminophenyl)-1,3-benzothiazole-6-carboxylic acid",GSTO1 - glutathione S-transferase omega 1 (human),/gene/9446,1.20.4.2|1.8.5.1|2.5.1.18,P78417,9606,"","","","","","","",""
67604652,"",1961,17504222,3665766,"",9290,"",Confirmatory,20101230,0,0,Inactive,NP_005674,EC50,"",Burnham Center for Chemical Genomics,Image-based HTS for Selective Agonists of GPR55,"2-(4-Aminophenyl)-1,3-benzothiazole-6-carboxylic acid",GPR55 - G protein-coupled receptor 55 (human),/gene/9290,"",Q9Y2T6,9606,"","","","","","","",""
67793888,"",1979,17504222,3665766,"","","",Screening,20091014,0,0,Inactive,CAA56931,"","",Broad Institute,Fluorescence Cell-Based Primary HTS of C.albicans growth in the presence of Fluconazole and compound,"2-(4-Aminophenyl)-1,3-benzothiazole-6-carboxylic acid",heat shock protein 90 (Candida albicans),/protein/CAA56931,"",CAA56931,5476,"","","","","","","",""
68077065,"",1987,17504222,3665766,"",5536,"",Screening,20100615,0,0,Inactive,AAH00750,"","",The Scripps Research Institute Molecular Screening Center,Fluorescence-based primary biochemical high throughput screening assay to identify inhibitors of Protein Phosphatase 5 (PP5).,"2-(4-Aminophenyl)-1,3-benzothiazole-6-carboxylic acid",PPP5C - protein phosphatase 5 catalytic subunit (human),/gene/5536,"",AAH00750,9606,"","","","","","","",""
68432445,"",1986,17504222,3665766,"","","",Confirmatory,20101230,0,0,Inactive,AAS58777,IC50,"",Burnham Center for Chemical Genomics,uHTS fluorescence assay for the identification of Human Immunodeficiency Virus Fusion Inhibitors.,"2-(4-Aminophenyl)-1,3-benzothiazole-6-carboxylic acid",envelope glycoprotein (Human immunodeficiency virus 1),/protein/AAS58777,"",AAS58777,11676,"","","","","","","",""
68674291,"",1984,17504222,3665766,"",17979,"",Confirmatory,20101230,0,0,Inactive,NP_032705,IC50,"",Burnham Center for Chemical Genomics,Fluorescence for the identification of compounds that decrease p/CIP protein stability,"2-(4-Aminophenyl)-1,3-benzothiazole-6-carboxylic acid",Ncoa3 - nuclear receptor coactivator 3 (house mouse),/gene/17979,"",NP_032705,10090,"","","","","","","",""
69150508,"",2012,17504222,3665766,"",7458,"",Confirmatory,20110112,0,0,Inactive,AAH66928,IC50,"",Burnham Center for Chemical Genomics,uHTS fluorescence polarization assay for the identification of translation initiation inhibitors (eIF4H),"2-(4-Aminophenyl)-1,3-benzothiazole-6-carboxylic acid",EIF4H - eukaryotic translation initiation factor 4H (human),/gene/7458,"",AAH66928,9606,"","","","","","","",""
69377285,"",2013,17504222,3665766,"",9290,"",Confirmatory,20110112,0,0,Inactive,NP_005674,IC50,"",Burnham Center for Chemical Genomics,Image-Based HTS for Selective Antagonists for GPR55,"2-(4-Aminophenyl)-1,3-benzothiazole-6-carboxylic acid",GPR55 - G protein-coupled receptor 55 (human),/gene/9290,"",Q9Y2T6,9606,"","","","","","","",""
69907353,"",2006,17504222,3665766,"",10054,"",Confirmatory,20110113,0,0,Inactive,AAH03153,IC50,"",Burnham Center for Chemical Genomics,uHTS HTRF assay for identification of inhibitors of SUMOylation,"2-(4-Aminophenyl)-1,3-benzothiazole-6-carboxylic acid",UBA2 - ubiquitin like modifier activating enzyme 2 (human),/gene/10054,"",Q9UBT2,9606,"","","","","","","",""
69907354,"",2006,17504222,3665766,"",7329,"",Confirmatory,20110113,0,0,Inactive,NP_003336,IC50,"",Burnham Center for Chemical Genomics,uHTS HTRF assay for identification of inhibitors of SUMOylation,"2-(4-Aminophenyl)-1,3-benzothiazole-6-carboxylic acid",UBE2I - ubiquitin conjugating enzyme E2 I (human),/gene/7329,2.3.2.-,P63279,9606,"","","","","","","",""
69907355,"",2006,17504222,3665766,"",10055,"",Confirmatory,20110113,0,0,Inactive,AAH18271,IC50,"",Burnham Center for Chemical Genomics,uHTS HTRF assay for identification of inhibitors of SUMOylation,"2-(4-Aminophenyl)-1,3-benzothiazole-6-carboxylic acid",SAE1 - SUMO1 activating enzyme subunit 1 (human),/gene/10055,"",Q9UBE0,9606,"","","","","","","",""
70520667,"",2014,17504222,3665766,"",26986,"",Confirmatory,20110112,0,0,Inactive,NP_002559,IC50,"",Burnham Center for Chemical Genomics,uHTS fluorescence polarization assay for the identification of translation initiation inhibitors (PABP),"2-(4-Aminophenyl)-1,3-benzothiazole-6-carboxylic acid",PABPC1 - poly(A) binding protein cytoplasmic 1 (human),/gene/26986,"",P11940,9606,"","","","","","","",""
70817129,"",2023,17504222,3665766,"","","",Screening,20110405,0,0,Inactive,CAA81943,"","",NMMLSC,Multiplex HTS Screen of TOR pathway GFP-fusion proteins in Saccharomyes cerevisiae_specifically_ LAP4_MLPCN.,"2-(4-Aminophenyl)-1,3-benzothiazole-6-carboxylic acid",LAP4 (brewer's yeast),/protein/CAA81943,"",CAA81943,4932,"","","","","","","",""
71276039,"",2025,17504222,3665766,"","","",Screening,20110405,0,0,Inactive,CAA84846,"","",NMMLSC,Multiplex HTS Screen of TOR pathway GFP-fusion proteins in Saccharomyes cerevisiae_specifically_ RPL19A_MLPCN.,"2-(4-Aminophenyl)-1,3-benzothiazole-6-carboxylic acid",RPL19A (brewer's yeast),/protein/CAA84846,"",CAA84846,4932,"","","","","","","",""
71468481,"",2016,17504222,3665766,"","","",Screening,20110405,0,0,Inactive,CAA96025,"","",NMMLSC,Multiplex HTS Screen of TOR pathway GFP-fusion proteins in Saccharomyes cerevisiae_specifically_ MEP2_MLPCN.,"2-(4-Aminophenyl)-1,3-benzothiazole-6-carboxylic acid",MEP2 (brewer's yeast),/protein/CAA96025,"",CAA96025,4932,"","","","","","","",""
71955695,"",2052,17504222,3665766,"",16408,"",Screening,20100302,0,0,Inactive,NP_032426,"","",NMMLSC,HTS for developing T Cell Immune Modulators,"2-(4-Aminophenyl)-1,3-benzothiazole-6-carboxylic acid",Itgal - integrin alpha L (house mouse),/gene/16408,"",NP_032426,10090,"","","","","","","",""
72108899,"",2057,17504222,3665766,"",4170,"",Screening,20100615,0,0,Inactive,AAI07736,"","",The Scripps Research Institute Molecular Screening Center,Fluorescence polarization-based primary biochemical high throughput screening assay to identify inhibitors of myeloid cell leukemia sequence 1 (MCL1) interactions with BIM-BH3 peptide.,"2-(4-Aminophenyl)-1,3-benzothiazole-6-carboxylic acid","MCL1 - MCL1 apoptosis regulator, BCL2 family member (human)",/gene/4170,"",Q07820,9606,"","","","","","","",""
72574722,"",2058,17504222,3665766,"",2859,"",Confirmatory,20110119,0,0,Inactive,NP_005292,IC50,"",Burnham Center for Chemical Genomics,Image-Based HTS for Selective Antagonists of GPR35,"2-(4-Aminophenyl)-1,3-benzothiazole-6-carboxylic acid",GPR35 - G protein-coupled receptor 35 (human),/gene/2859,"",Q9HC97,9606,"","","","","","","",""
72716731,"",2029,17504222,3665766,"","","",Screening,20110405,0,0,Inactive,AAA34498,"","",NMMLSC,Multiplex HTS Screen of TOR pathway GFP-fusion proteins in Saccharomyes cerevisiae_specifically_ CIT2_MLPCN.,"2-(4-Aminophenyl)-1,3-benzothiazole-6-carboxylic acid","citrate synthase 2, partial (brewer's yeast)",/protein/AAA34498,"",AAA34498,4932,"","","","","","","",""
73667870,"",2094,17504222,3665766,"","","",Screening,20091104,0,0,Inactive,1ZHH_B,"","",Broad Institute,Plate Read Microorganism-Based Primary HTS to Identify Modulators of the AI-2 Quorum Sensing System,"2-(4-Aminophenyl)-1,3-benzothiazole-6-carboxylic acid","Chain B, Autoinducer 2 sensor kinase/phosphatase luxQ (Vibrio harveyi)",/protein/1ZHH_B,"",1ZHH_B,669,"","","","","","","",""
73667871,"",2094,17504222,3665766,"","","",Screening,20091104,0,0,Inactive,1ZHH_A,"","",Broad Institute,Plate Read Microorganism-Based Primary HTS to Identify Modulators of the AI-2 Quorum Sensing System,"2-(4-Aminophenyl)-1,3-benzothiazole-6-carboxylic acid","Chain A, Autoinducer 2-binding periplasmic protein luxP (Vibrio harveyi)",/protein/1ZHH_A,"",1ZHH_A,669,"","","","","","","",""
73667872,"",2094,17504222,3665766,"","","",Screening,20091104,0,0,Inactive,ABY84639,"","",Broad Institute,Plate Read Microorganism-Based Primary HTS to Identify Modulators of the AI-2 Quorum Sensing System,"2-(4-Aminophenyl)-1,3-benzothiazole-6-carboxylic acid","LuxS, partial (Vibrio harveyi)",/protein/ABY84639,"",ABY84639,669,"","","","","","","",""
74252645,"",2073,17504222,3665766,"",774,"",Confirmatory,20101008,0,0,Inactive,NP_000709,IC50,"",Burnham Center for Chemical Genomics,Homogeneous Time-Resolved Fluorescence Resonance Energy Transfer (HTRF) Assay,"2-(4-Aminophenyl)-1,3-benzothiazole-6-carboxylic acid",CACNA1B - calcium voltage-gated channel subunit alpha1 B (human),/gene/774,"",Q00975,9606,"","","","","","","",""
74252646,"",2073,17504222,3665766,"",83589,"",Confirmatory,20101008,0,0,Inactive,AAC05303,IC50,"",Burnham Center for Chemical Genomics,Homogeneous Time-Resolved Fluorescence Resonance Energy Transfer (HTRF) Assay,"2-(4-Aminophenyl)-1,3-benzothiazole-6-carboxylic acid",Apba1 - amyloid beta precursor protein binding family A member 1 (Norway rat),/gene/83589,"",O35430,10116,"","","","","","","",""
74658663,"",2071,17504222,3665766,"",22861,"",Screening,20110113,0,0,Inactive,NP_127497,"","",Burnham Center for Chemical Genomics,Colorimetric  Assay for Inhibitors for NALP1,"2-(4-Aminophenyl)-1,3-benzothiazole-6-carboxylic acid",NLRP1 - NLR family pyrin domain containing 1 (human),/gene/22861,3.4.-.-|3.6.4.-,Q9C000,9606,"","","","","","","",""
74882837,"",2066,17504222,3665766,"",850333,"",Screening,20110405,0,0,Inactive,NP_009905,"","",NMMLSC,Multiplex HTS Screen of TOR pathway GFP-fusion proteins in Saccharomyes cerevisiae_specifically_ AGP1_MLPCN.,"2-(4-Aminophenyl)-1,3-benzothiazole-6-carboxylic acid",AGP1 - amino acid transporter AGP1 (Saccharomyces cerevisiae S288C),/gene/850333,"",P25376,559292,"","","","","","","",""
75160800,"",2098,17504222,3665766,"",15499,"",Screening,20091104,0,0,Inactive,AAH94064,"","",Broad Institute,Luminescence Cell-Based Primary HTS to Identify Inhibitors of Heat Shock Factor 1 (HSF1).,"2-(4-Aminophenyl)-1,3-benzothiazole-6-carboxylic acid",Hsf1 - heat shock factor 1 (house mouse),/gene/15499,"",AAH94064,10090,"","","","","","","",""
75630724,"",2099,17504222,3665766,"","","",Screening,20091105,0,0,Inactive,"","","",Broad Institute,Fluorescence Biochemical Primary HTS to Identify Inhibitors of GASC-1 Activity,"2-(4-Aminophenyl)-1,3-benzothiazole-6-carboxylic acid","","","","","","","","","","","","",""
75791216,"",2100,17504222,3665766,"",2548,"",Confirmatory,20091105,1,0,Inactive,NP_000143,Potency,"",National Center for Advancing Translational Sciences (NCATS),qHTS Assay for Inhibitors and Activators of Human alpha-Glucosidase Cleavage of Glycogen,"2-(4-Aminophenyl)-1,3-benzothiazole-6-carboxylic acid",GAA - alpha glucosidase (human),/gene/2548,3.2.1.20,P10253,9606,"","","","","","","",""
76245421,"",2097,17504222,3665766,"",2932,"",Screening,20100526,0,0,Inactive,NP_002084,"","",Broad Institute,Cell-Free Homogeneous Primary HTS to Identify Inhibitors of GSK3beta Activity,"2-(4-Aminophenyl)-1,3-benzothiazole-6-carboxylic acid",GSK3B - glycogen synthase kinase 3 beta (human),/gene/2932,2.7.11.1|2.7.11.26,P49841,9606,"","","","","","","",""
76750221,"",2107,17504222,3665766,"",2717,"",Confirmatory,20091105,1,0,Inactive,CAA29232,Potency,"",National Center for Advancing Translational Sciences (NCATS),qHTS Assay for Inhibitors and Activators of Human alpha-Galactosidase From Spleen Homogenate,"2-(4-Aminophenyl)-1,3-benzothiazole-6-carboxylic acid",GLA - galactosidase alpha (human),/gene/2717,"",P06280,9606,"","","","","","","",""
77360371,"",2129,17504222,3665766,"",598,"",Screening,20100615,0,0,Inactive,CAA80661,"","",The Scripps Research Institute Molecular Screening Center,"Primary biochemical high throughput screening assay to identify inhibitors of BCL2-related protein, long isoform (BCLXL).","2-(4-Aminophenyl)-1,3-benzothiazole-6-carboxylic acid",BCL2L1 - BCL2 like 1 (human),/gene/598,"",CAA80661,9606,"","","","","","","",""
77800117,"",2156,17504222,3665766,"",170848,"",Screening,20100330,0,0,Inactive,NP_579856,"","",Johns Hopkins Ion Channel Center,Primary cell-based high-throughput screening assay for identification of compounds that inhibit KCNQ2 potassium channels,"2-(4-Aminophenyl)-1,3-benzothiazole-6-carboxylic acid",Kcnq2 - potassium voltage-gated channel subfamily Q member 2 (Norway rat),/gene/170848,"",O88943,10116,"","","","","","","",""
78145074,"",2130,17504222,3665766,"",51400,"",Screening,20100615,0,0,Inactive,NP_057231,"","",The Scripps Research Institute Molecular Screening Center,Fluorescence polarization-based primary biochemical high throughput screening assay to identify inhibitors of Protein Phosphatase Methylesterase 1 (PME-1).,"2-(4-Aminophenyl)-1,3-benzothiazole-6-carboxylic acid",PPME1 - protein phosphatase methylesterase 1 (human),/gene/51400,3.1.1.89,Q9Y570,9606,"","","","","","","",""
78426014,"",2174,17504222,3665766,"",10434,"",Screening,20100615,0,0,Inactive,NP_006321,"","",The Scripps Research Institute Molecular Screening Center,Counterscreen for PME1 inhibitors: fluorescence polarization-based primary biochemical high throughput screening assay to identify inhibitors of lysophospholipase 1 (LYPLA1).,"2-(4-Aminophenyl)-1,3-benzothiazole-6-carboxylic acid",LYPLA1 - lysophospholipase 1 (human),/gene/10434,3.1.2.-|3.1.2.22,O75608,9606,"","","","","","","",""
78752707,"",2205,17504222,3665766,"",203068,"",Screening,20091215,0,0,Inactive,NP_821133,"","",University of Pittsburgh Molecular Library Screening Center,HCS assay for microtubule stabilizers,"2-(4-Aminophenyl)-1,3-benzothiazole-6-carboxylic acid",TUBB - tubulin beta class I (human),/gene/203068,"",P07437,9606,"","","","","","","",""
78935124,"",2216,17504222,3665766,"","","",Screening,20091223,0,0,Inactive,"","","",Broad Institute,Fluorescence Cell-Free Homogeneous Primary HTS to Identify Inhibitors of the RanGTP-Importin-beta complex,"2-(4-Aminophenyl)-1,3-benzothiazole-6-carboxylic acid","","","","","","","","","","","","",""
79360005,"",2221,17504222,3665766,"",888371,"",Screening,20100608,0,0,Inactive,NP_217253,"","",Broad Institute,Fluorescence Cell-Free Homogenous Primary HTS to Identify Inhibitors of RecA Intein Splicing Activity,"2-(4-Aminophenyl)-1,3-benzothiazole-6-carboxylic acid",recA - recombinase A (Mycobacterium tuberculosis H37Rv),/gene/888371,3.1.-.-,P9WHJ3,83332,"","","","","","","",""
79480334,"",2177,17504222,3665766,"","","",Screening,20100615,0,0,Inactive,CAB40158,"","",The Scripps Research Institute Molecular Screening Center,Counterscreen for PME1 inhibitors: fluorescence polarization-based primary biochemical high throughput screening assay to identify inhibitors of lysophospholipase 2 (LYPLA2).,"2-(4-Aminophenyl)-1,3-benzothiazole-6-carboxylic acid",lysophospholipase II (human),/protein/CAB40158,"",O95372,9606,"","","","","","","",""
79864793,"",2227,17504222,3665766,"",22066,"",Screening,20100330,0,0,Inactive,AAC05178,"","",Johns Hopkins Ion Channel Center,Primary cell-based high-throughput screening assay for identification of compounds that allosterically potentiate transient receptor potential cation channel C4 (TRPC4),"2-(4-Aminophenyl)-1,3-benzothiazole-6-carboxylic acid","Trpc4 - transient receptor potential cation channel, subfamily C, member 4 (house mouse)",/gene/22066,"",AAC05178,10090,"","","","","","","",""
80246685,"",2237,17504222,3665766,"",22066,"",Screening,20100330,0,0,Inactive,AAC05178,"","",Johns Hopkins Ion Channel Center,Primary cell-based screen for identification of compounds that activate transient receptor potential cation channel C4 (TRPC4).,"2-(4-Aminophenyl)-1,3-benzothiazole-6-carboxylic acid","Trpc4 - transient receptor potential cation channel, subfamily C, member 4 (house mouse)",/gene/22066,"",AAC05178,10090,"","","","","","","",""
80474524,"",2235,17504222,3665766,"",5499,"",Screening,20100615,0,0,Inactive,NP_001008709,"","",The Scripps Research Institute Molecular Screening Center,Counterscreen for inhibitors of PP5: fluorescence-based biochemical high throughput primary assay to identify inhibitors of Protein Phosphatase 1 (PP1).,"2-(4-Aminophenyl)-1,3-benzothiazole-6-carboxylic acid",PPP1CA - protein phosphatase 1 catalytic subunit alpha (human),/gene/5499,3.1.3.16,P62136,9606,"","","","","","","",""
80859858,"",2234,17504222,3665766,"",3783744,"",Screening,20100615,0,0,Inactive,YP_401673,"","",The Scripps Research Institute Molecular Screening Center,"Counterscreen for inhibitors of EBNA-1: fluorescence polarization-based biochemical high throughput primary assay to identify inhibitors of the Epstein-Barr virus-encoded protein, ZTA.","2-(4-Aminophenyl)-1,3-benzothiazole-6-carboxylic acid",BZLF1 - protein Zta (Epstein-Barr virus),/gene/3783744,"",P03206,10376,"","","","","","","",""
81424655,"",2239,17504222,3665766,"",170848,"",Screening,20100330,0,0,Inactive,NP_579856,"","",Johns Hopkins Ion Channel Center,Primary cell-based high-throughput screening assay for identification of compounds that potentiate KCNQ2 potassium channels,"2-(4-Aminophenyl)-1,3-benzothiazole-6-carboxylic acid",Kcnq2 - potassium voltage-gated channel subfamily Q member 2 (Norway rat),/gene/170848,"",O88943,10116,"","","","","","","",""
81817051,"",2247,17504222,3665766,"",22066,"",Screening,20100330,0,0,Inactive,AAC05178,"","",Johns Hopkins Ion Channel Center,Primary cell-based screen for identification of compounds that inhibit transient receptor potential cation channel C4 (TRPC4).,"2-(4-Aminophenyl)-1,3-benzothiazole-6-carboxylic acid","Trpc4 - transient receptor potential cation channel, subfamily C, member 4 (house mouse)",/gene/22066,"",AAC05178,10090,"","","","","","","",""
82000517,"",2280,17504222,3665766,"",172532,"",Screening,20110510,0,0,Inactive,NP_492143,"","",The Scripps Research Institute Molecular Screening Center,Fluorescence polarization-based primary biochemical high throughput screening assay to identify inhibitors of GLD-1 protein - TGE RNA interaction.,"2-(4-Aminophenyl)-1,3-benzothiazole-6-carboxylic acid",gld-1 - Female germline-specific tumor suppressor gld-1 (Caenorhabditis elegans),/gene/172532,"",Q17339,6239,"","","","","","","",""
82350134,"",2288,17504222,3665766,"","","",Confirmatory,20100125,1,0,Inactive,"",Potency,"",National Center for Advancing Translational Sciences (NCATS),qHTS Assay for Modulators of miRNAs and/orActivators of miR-21,"2-(4-Aminophenyl)-1,3-benzothiazole-6-carboxylic acid","","","","","","","","","","","","",""
82783127,"",2289,17504222,3665766,"","","",Confirmatory,20100125,1,0,Inactive,"",Potency,"",National Center for Advancing Translational Sciences (NCATS),qHTS Assay for Modulators of miRNAs and/or Inhibitors of miR-21,"2-(4-Aminophenyl)-1,3-benzothiazole-6-carboxylic acid","","","","","","","","","","","","",""
83050641,"",2300,17504222,3665766,"",10002,"",Screening,20100615,0,0,Inactive,BAH02301,"","",The Scripps Research Institute Molecular Screening Center,"TR-FRET-based primary biochemical high throughput screening assay to identify agonists of nuclear receptor subfamily 2, group E, member 3 (NR2E3).","2-(4-Aminophenyl)-1,3-benzothiazole-6-carboxylic acid",NR2E3 - nuclear receptor subfamily 2 group E member 3 (human),/gene/10002,"",Q9Y5X4,9606,"","","","","","","",""
83450989,"",2326,17504222,3665766,"","","",Confirmatory,20100201,1,0,Inactive,ACF54603,Potency,"",National Center for Advancing Translational Sciences (NCATS),qHTS Assay for Inhibitors of Influenza NS1 Protein Function,"2-(4-Aminophenyl)-1,3-benzothiazole-6-carboxylic acid",nonstructural protein 1 (Influenza A virus (A/WSN/1933(H1N1))),/protein/ACF54603,"",ACF54603,382835,"","","","","","","",""
83691956,"",2315,17504222,3665766,"","","",Screening,20100204,0,0,Inactive,BAC78637,"","",National Center for Advancing Translational Sciences (NCATS),A qHTS for Small Molecule Inhibitors of Shiga Toxin,"2-(4-Aminophenyl)-1,3-benzothiazole-6-carboxylic acid",shiga toxin 1 variant A subunit (Escherichia coli O157:H7),/protein/BAC78637,"",BAC78637,83334,"","","","","","","",""
83691957,"",2315,17504222,3665766,"","","",Screening,20100204,0,0,Inactive,BAC78638,"","",National Center for Advancing Translational Sciences (NCATS),A qHTS for Small Molecule Inhibitors of Shiga Toxin,"2-(4-Aminophenyl)-1,3-benzothiazole-6-carboxylic acid",shiga toxin 1 B subunit (Escherichia coli O157:H7),/protein/BAC78638,"",BAC78638,83334,"","","","","","","",""
84397179,"",2314,17504222,3665766,"","","",Screening,20100204,0,0,Inactive,BAC78638,"","",National Center for Advancing Translational Sciences (NCATS),Cycloheximide Counterscreen for Small Molecule Inhibitors of Shiga Toxin,"2-(4-Aminophenyl)-1,3-benzothiazole-6-carboxylic acid",shiga toxin 1 B subunit (Escherichia coli O157:H7),/protein/BAC78638,"",BAC78638,83334,"","","","","","","",""
84397180,"",2314,17504222,3665766,"","","",Screening,20100204,0,0,Inactive,BAC78637,"","",National Center for Advancing Translational Sciences (NCATS),Cycloheximide Counterscreen for Small Molecule Inhibitors of Shiga Toxin,"2-(4-Aminophenyl)-1,3-benzothiazole-6-carboxylic acid",shiga toxin 1 variant A subunit (Escherichia coli O157:H7),/protein/BAC78637,"",BAC78637,83334,"","","","","","","",""
84927669,"",2391,17504222,3665766,"","","",Confirmatory,20100222,0,0,Inactive,"",IC50,"",Southern Research Specialized Biocontainment Screening Center,A Cell Based HTS Approach for the Discovery of New Inhibitors of Respiratory syncytial virus (RSV),"2-(4-Aminophenyl)-1,3-benzothiazole-6-carboxylic acid","","","","","","","","","","","","",""
85290313,"",2417,17504222,3665766,"",5725,"",Screening,20100224,0,0,Inactive,NP_002810,"","",National Center for Advancing Translational Sciences (NCATS),High Content Assay for Compounds that inhibit the Assembly of the Perinucleolar Compartment,"2-(4-Aminophenyl)-1,3-benzothiazole-6-carboxylic acid",PTBP1 - polypyrimidine tract binding protein 1 (human),/gene/5725,"",P26599,9606,"","","","","","","",""
85486549,"",2435,17504222,3665766,"",5021,"",Screening,20100615,0,0,Inactive,NP_000907,"","",The Scripps Research Institute Molecular Screening Center,Fluorescence-based primary cell-based high throughput screening assay to identify agonists of the Oxytocin Receptor (OXTR).,"2-(4-Aminophenyl)-1,3-benzothiazole-6-carboxylic acid",OXTR - oxytocin receptor (human),/gene/5021,"",P30559,9606,"","","","","","","",""
86183930,"",2462,17504222,3665766,"","","",Screening,20100303,0,0,Inactive,2VM6_A,"","",Broad Institute,Luminescence Cell-Based Primary HTS to Identify Inhibitors of A1 Apoptosis.,"2-(4-Aminophenyl)-1,3-benzothiazole-6-carboxylic acid","Chain A, BCL-2-RELATED PROTEIN A1 (human)",/protein/2VM6_A,"",2VM6_A,9606,"","","","","","","",""
86183931,"",2462,17504222,3665766,"",10018,"",Screening,20100303,0,0,Inactive,NP_619527,"","",Broad Institute,Luminescence Cell-Based Primary HTS to Identify Inhibitors of A1 Apoptosis.,"2-(4-Aminophenyl)-1,3-benzothiazole-6-carboxylic acid",BCL2L11 - BCL2 like 11 (human),/gene/10018,"",O43521,9606,"","","","","","","",""
86967954,"",2472,17504222,3665766,"",2597,"",Screening,20100428,0,0,Inactive,NP_002037,"","",National Center for Advancing Translational Sciences (NCATS),"qHTS Assay for Inhibitors of Fructose-1,6-bisphosphate Aldolase from Giardia Lamblia: Coupling assay counterscreen","2-(4-Aminophenyl)-1,3-benzothiazole-6-carboxylic acid",GAPDH - glyceraldehyde-3-phosphate dehydrogenase (human),/gene/2597,1.2.1.12|2.6.99.-,P04406,9606,"","","","","","","",""
87082695,"",2451,17504222,3665766,"","","",Confirmatory,20100428,1,0,Inactive,2ISV_A,Potency,"",National Center for Advancing Translational Sciences (NCATS),"qHTS Assay for Inhibitors of Fructose-1,6-bisphosphate Aldolase from Giardia Lamblia","2-(4-Aminophenyl)-1,3-benzothiazole-6-carboxylic acid","Chain A, Putative fructose-1,6-bisphosphate aldolase (Giardia intestinalis)",/protein/2ISV_A,"",2ISV_A,5741,"","","","","","","",""
87571914,"",2445,17504222,3665766,"",5021,"",Screening,20100615,0,0,Inactive,NP_000907,"","",The Scripps Research Institute Molecular Screening Center,Fluorescence-based primary cell-based high throughput screening assay to identify potentiators of Oxytocin Receptor (OXTR),"2-(4-Aminophenyl)-1,3-benzothiazole-6-carboxylic acid",OXTR - oxytocin receptor (human),/gene/5021,"",P30559,9606,"","","","","","","",""
88911448,"",2528,17504222,3665766,"",641,"",Confirmatory,20100315,1,0,Inactive,NP_000048,Potency,"",National Center for Advancing Translational Sciences (NCATS),qHTS Assay for Inhibitors of Bloom's syndrome helicase (BLM),"2-(4-Aminophenyl)-1,3-benzothiazole-6-carboxylic acid",BLM - BLM RecQ like helicase (human),/gene/641,5.6.2.4,P54132,9606,"","","","","","","",""
90467604,"",2550,17504222,3665766,"",22068,"",Screening,20101025,0,0,Inactive,NP_038866,"","",Johns Hopkins Ion Channel Center,High throughput screening of activators of transient receptor potential cation channel C6 (TRPC6),"2-(4-Aminophenyl)-1,3-benzothiazole-6-carboxylic acid","Trpc6 - transient receptor potential cation channel, subfamily C, member 6 (house mouse)",/gene/22068,"",Q61143,10090,"","","","","","","",""
91386364,"",2563,17504222,3665766,"",855317,"",Screening,20100316,0,0,Inactive,NP_014001,"","",Broad Institute,Fluorescence Cell-Free Homogenous Primary HTS  to Identify Inhibitors of the Ras-converting Enzyme,"2-(4-Aminophenyl)-1,3-benzothiazole-6-carboxylic acid",RCE1 - CAAX prenyl protease (Saccharomyces cerevisiae S288C),/gene/855317,3.4.26.1,Q03530,559292,"","","","","","","",""
91560604,"",2553,17504222,3665766,"",22068,"",Screening,20100321,0,0,Inactive,NP_038866,"","",Johns Hopkins Ion Channel Center,High throughput screening of inhibitors of transient receptor potential cation channel C6 (TRPC6),"2-(4-Aminophenyl)-1,3-benzothiazole-6-carboxylic acid","Trpc6 - transient receptor potential cation channel, subfamily C, member 6 (house mouse)",/gene/22068,"",Q61143,10090,"","","","","","","",""
91890373,"",2557,17504222,3665766,"",3676,"",Screening,20100723,0,0,Inactive,NP_000876,"","",NMMLSC,HTS for Identification of VLA-4 Allosteric Modulators from MLPCN library,"2-(4-Aminophenyl)-1,3-benzothiazole-6-carboxylic acid",ITGA4 - integrin subunit alpha 4 (human),/gene/3676,"",P13612,9606,"","","","","","","",""
92359241,"",2629,17504222,3665766,"",4961527,"",Screening,20100322,0,0,Inactive,YP_001129431,"","",Broad Institute,Fluorescence Polarization Cell-Free Homogeneous Primary HTS to Identify Inhibitors of the LANA Histone H2A/H2B Interaction,"2-(4-Aminophenyl)-1,3-benzothiazole-6-carboxylic acid",HHV8GK18_gp81 - ORF73 (Human gammaherpesvirus 8),/gene/4961527,"",Q9QR71,37296,"","","","","","","",""
92527599,"",2606,17504222,3665766,"",885176,"",Screening,20100615,0,0,Inactive,NP_218188,"","",The Scripps Research Institute Molecular Screening Center,Fluorescence polarization-based primary biochemical high throughput screening assay to identify inhibitors of the membrane-associated serine protease Rv3671c in M.tuberculosis,"2-(4-Aminophenyl)-1,3-benzothiazole-6-carboxylic acid",Rv3671c - serine protease (Mycobacterium tuberculosis H37Rv),/gene/885176,3.4.21.-,P9WHR9,83332,"","","","","","","",""
92909931,"",2642,17504222,3665766,"",3784,"",Screening,20101118,0,0,Inactive,NP_000209,"","",Johns Hopkins Ion Channel Center,Primary cell-based high-throughput screening assay for identification of compounds that inhibit KCNQ1 potassium channels,"2-(4-Aminophenyl)-1,3-benzothiazole-6-carboxylic acid",KCNQ1 - potassium voltage-gated channel subfamily Q member 1 (human),/gene/3784,"",P51787,9606,"","","","","","","",""
93510819,"",2661,17504222,3665766,"",65975,"",Screening,20100324,0,0,Inactive,NP_112168,"","",Broad Institute,Luminescence Cell-Free  Homogenous Primary HTS to Identify Inhibitors of Serine/Threonine  Kinase 33  Activity,"2-(4-Aminophenyl)-1,3-benzothiazole-6-carboxylic acid",STK33 - serine/threonine kinase 33 (human),/gene/65975,2.7.11.1,Q9BYT3,9606,"","","","","","","",""
93935527,"",2650,17504222,3665766,"",2931,"",Screening,20100331,0,0,Inactive,NP_063937,"","",Broad Institute,Luminescence Cell-Free  Homogenous Primary HTS to Identify Inhibitors of GSK-3 alpha,"2-(4-Aminophenyl)-1,3-benzothiazole-6-carboxylic acid",GSK3A - glycogen synthase kinase 3 alpha (human),/gene/2931,2.7.11.1|2.7.11.26,P49840,9606,"","","","","","","",""
94246438,"",2662,17504222,3665766,"",4297,"",Confirmatory,20100928,1,0,Inactive,NP_005924,Potency,"",National Center for Advancing Translational Sciences (NCATS),qHTS Fluorescence Polarization Assay for Inhibitors of MLL CXXC domain - DNA interaction,"2-(4-Aminophenyl)-1,3-benzothiazole-6-carboxylic acid",KMT2A - lysine methyltransferase 2A (human),/gene/4297,2.1.1.-|2.1.1.364,Q03164,9606,"","","","","","","",""
94431745,"",2648,17504222,3665766,"",3784,"",Screening,20101118,0,0,Inactive,NP_000209,"","",Johns Hopkins Ion Channel Center,Primary cell-based high-throughput screening assay for identification of compounds that potentiate/activate KCNQ1 potassium channels,"2-(4-Aminophenyl)-1,3-benzothiazole-6-carboxylic acid",KCNQ1 - potassium voltage-gated channel subfamily Q member 1 (human),/gene/3784,"",P51787,9606,"","","","","","","",""
95007793,"",2685,17504222,3665766,"","","",Confirmatory,20100325,1,0,Inactive,"",Potency,"",National Center for Advancing Translational Sciences (NCATS),qHTS Assay for Lipid Storage Modulators in Drosophila S3 Cells,"2-(4-Aminophenyl)-1,3-benzothiazole-6-carboxylic acid","","","","","","","","","","","","",""
95497925,"",2690,17504222,3665766,"","","",Screening,20100519,0,0,Inactive,"","","",NMMLSC,A yeast HTS for caloric restriction mimetics that inhibit age-related superoxide,"2-(4-Aminophenyl)-1,3-benzothiazole-6-carboxylic acid","","","","","","","","","","","","",""
95798038,"",2676,17504222,3665766,"",59350,"",Confirmatory,20180315,1,0,Inactive,NP_067647,Potency,"",National Center for Advancing Translational Sciences (NCATS),qHTS Assay for Agonists of the Relaxin Receptor RXFP1,"2-(4-Aminophenyl)-1,3-benzothiazole-6-carboxylic acid",RXFP1 - relaxin family peptide receptor 1 (human),/gene/59350,"",Q9HBX9,9606,"","","","","","","",""
96026962,"",2716,17504222,3665766,"","","",Screening,20100329,0,0,Inactive,"","","",Broad Institute,Luminescence  Microorganism Primary HTS to Identify Inhibitors of the SUMOylation Pathway Using a Temperature Sensitive Growth Reversal Mutant Mot1-301,"2-(4-Aminophenyl)-1,3-benzothiazole-6-carboxylic acid","","","","","","","","","","","","",""
96501456,"",2718,17504222,3665766,"",8841,"",Screening,20100329,0,0,Inactive,NP_003874,"","",Broad Institute,Fluorescence Cell-Free Homogeneous Primary HTS to Identify Inhibitors of Histone Deacetylase 3,"2-(4-Aminophenyl)-1,3-benzothiazole-6-carboxylic acid",HDAC3 - histone deacetylase 3 (human),/gene/8841,3.5.1.-|3.5.1.98,O15379,9606,"","","","","","","",""
96704194,"",2732,17504222,3665766,"",13198,"",Screening,20100331,0,0,Active,NP_031863,"","",Emory University Molecular Libraries Screening Center,HTS for small molecule inhibitors of CHOP to regulate the unfolded protein response to ER stress,"2-(4-Aminophenyl)-1,3-benzothiazole-6-carboxylic acid",Ddit3 - DNA-damage inducible transcript 3 (house mouse),/gene/13198,"",P35639,10090,"","","","","","","",""
96922124,"",2717,17504222,3665766,"","","",Screening,20110301,0,0,Inactive,"","","",Broad Institute,Luminescence Cell-Based Primary HTS to Identify Inhibitors of Cancer Stem Cells,"2-(4-Aminophenyl)-1,3-benzothiazole-6-carboxylic acid","","","","","","","","","","","","",""
97296178,"",2797,17504222,3665766,"",552,"",Screening,20100615,0,0,Inactive,NP_000697,"","",The Scripps Research Institute Molecular Screening Center,Counterscreen for Oxytocin Receptor (OXTR) agonists: Fluorescence-based primary cell-based high throughput assay to identify agonists of the vasopressin 1 receptor (V1R),"2-(4-Aminophenyl)-1,3-benzothiazole-6-carboxylic acid",AVPR1A - arginine vasopressin receptor 1A (human),/gene/552,"",P37288,9606,"","","","","","","",""
97595588,"",2751,17504222,3665766,"",9581,"",Screening,20100615,0,0,Inactive,AAI51237,"","",The Scripps Research Institute Molecular Screening Center,Fluorescence polarization-based primary biochemical high throughput screening assay to identify inhibitors of the prolyl oligopeptidase-like enzyme (PREPL),"2-(4-Aminophenyl)-1,3-benzothiazole-6-carboxylic acid",PREPL - prolyl endopeptidase like (human),/gene/9581,"",AAI51237,9606,"","","","","","","",""
97906599,"",2796,17504222,3665766,"",196,"",Screening,20100805,0,0,Inactive,NP_001612,"","",The Scripps Research Institute Molecular Screening Center,Luminescence-based primary cell-based high throughput screening assay to identify activators of the Aryl Hydrocarbon Receptor (AHR),"2-(4-Aminophenyl)-1,3-benzothiazole-6-carboxylic acid",AHR - aryl hydrocarbon receptor (human),/gene/196,"",P35869,9606,"","","","","","","",""
102127803,"",434962,17504222,3665766,"",3416,"",Screening,20100607,0,0,Inactive,NP_004960,"","",The Scripps Research Institute Molecular Screening Center,Fluorescence polarization-based cell-based primary high throughput screening assay to identify inhibitors of insulin-degrading enzyme (IDE),"2-(4-Aminophenyl)-1,3-benzothiazole-6-carboxylic acid",IDE - insulin degrading enzyme (human),/gene/3416,3.4.24.56,P14735,9606,"","","","","","","",""
102438799,"",434955,17504222,3665766,"","","",Confirmatory,20100728,0,0,Inactive,"",IC90,"",Southern Research Specialized Biocontainment Screening Center,Screen to Identify Novel Compounds That Sensitize Mycobacterium Tuberculosis to Beta-lactam Antibiotics,"2-(4-Aminophenyl)-1,3-benzothiazole-6-carboxylic acid","","","","","","","","","","","","",""
103264746,"",434989,17504222,3665766,"",3061,"",Screening,20100615,0,0,Inactive,NP_001516,"","",The Scripps Research Institute Molecular Screening Center,Fluorescence-based cell-based primary high throughput screening assay to identify antagonists of the orexin 1 receptor (OX1R; HCRTR1),"2-(4-Aminophenyl)-1,3-benzothiazole-6-carboxylic acid",HCRTR1 - hypocretin receptor 1 (human),/gene/3061,"",O43613,9606,"","","","","","","",""
103562944,"",435005,17504222,3665766,"","","",Screening,20100618,0,0,Inactive,"","","",Broad Institute,Luminescence Cell-Based Primary HTS to Identify Inhibitors of Beta Cell Apoptosis.,"2-(4-Aminophenyl)-1,3-benzothiazole-6-carboxylic acid","","","","","","","","","","","","",""
104589795,"",449762,17504222,3665766,"","","",Confirmatory,20100723,0,0,Inactive,"",IC50,"",Southern Research Specialized Biocontainment Screening Center,High Throughput Screening Assay used to Identify Novel Compounds that Inhibit Mycobacterium Tuberculosis in 7H9 Media,"2-(4-Aminophenyl)-1,3-benzothiazole-6-carboxylic acid","","","","","","","","","","","","",""
105140400,"",449728,17504222,3665766,"","","",Screening,20101027,0,0,Inactive,"","","",The Scripps Research Institute Molecular Screening Center,Counterscreen for inhibitors of AddAB: absorbance-based bacterial cell-based high throughput screening assay to identify inhibitors of bacterial viability,"2-(4-Aminophenyl)-1,3-benzothiazole-6-carboxylic acid","","","","","","","","","","","","",""
105367263,"",435030,17504222,3665766,"","","",Screening,20101026,0,0,Inactive,NP_207880,"","",The Scripps Research Institute Molecular Screening Center,Absorbance-based primary bacterial cell-based high throughput screening assay to identify inhibitors of AddAB recombination protein complex,"2-(4-Aminophenyl)-1,3-benzothiazole-6-carboxylic acid",hypothetical protein HP1089 (Helicobacter pylori 26695),/protein/NP_207880,"",NP_207880,85962,"","","","","","","",""
105367264,"",435030,17504222,3665766,"","","",Screening,20101026,0,0,Inactive,NP_208344,"","",The Scripps Research Institute Molecular Screening Center,Absorbance-based primary bacterial cell-based high throughput screening assay to identify inhibitors of AddAB recombination protein complex,"2-(4-Aminophenyl)-1,3-benzothiazole-6-carboxylic acid",recombination protein RecB (Helicobacter pylori 26695),/protein/NP_208344,"",NP_208344,85962,"","","","","","","",""
150107889,"",463075,17504222,3665766,"","","",Screening,20100802,0,0,Inactive,"","","",University of Pittsburgh Molecular Library Screening Center,HTS to identify inhibitors of TNF-alpha Induced Cell Death in Jurkat FADD-/- Cells.,"2-(4-Aminophenyl)-1,3-benzothiazole-6-carboxylic acid","","","","","","","","","","","","",""
150437186,"",463082,17504222,3665766,"",7941,"",Screening,20100803,0,0,Inactive,NP_001161829,"","",The Scripps Research Institute Molecular Screening Center,Fluorescence polarization-based primary biochemical high throughput screening assay to identify inhibitors of the plasma platelet activating factor acetylhydrolase (pPAFAH),"2-(4-Aminophenyl)-1,3-benzothiazole-6-carboxylic acid",PLA2G7 - phospholipase A2 group VII (human),/gene/7941,3.1.1.47,Q13093,9606,"","","","","","","",""
150834551,"",463079,17504222,3665766,"","","",Screening,20101005,0,0,Inactive,"","","",The Scripps Research Institute Molecular Screening Center,Fluorescence-based counterscreen for orexin 1 receptor (OX1R) antagonists: cell-based assay to identify antagonists of the parental CHO cell line,"2-(4-Aminophenyl)-1,3-benzothiazole-6-carboxylic acid","","","","","","","","","","","","",""
151502728,"",463165,17504222,3665766,"",5999,"",Screening,20100827,0,0,Inactive,NP_005604,"","",Johns Hopkins Ion Channel Center,Primary cell-based high-throughput screening assay for identification of compounds that inhibit regulator of   G-protein signaling 4 (RGS4),"2-(4-Aminophenyl)-1,3-benzothiazole-6-carboxylic acid",RGS4 - regulator of G protein signaling 4 (human),/gene/5999,"",P49798,9606,"","","","","","","",""
151679576,"",463111,17504222,3665766,"",5999,"",Screening,20100819,0,0,Inactive,NP_005604,"","",Johns Hopkins Ion Channel Center,Primary cell-based high-throughput screening assay for identification of compounds that potentiate/activate regulator of G-protein signaling 4 (RGS4),"2-(4-Aminophenyl)-1,3-benzothiazole-6-carboxylic acid",RGS4 - regulator of G protein signaling 4 (human),/gene/5999,"",P49798,9606,"","","","","","","",""
151773735,"",463115,17504222,3665766,"",5045,"",Screening,20100823,0,0,Inactive,EAX02111,"","",University of Pittsburgh Molecular Library Screening Center,High throughput fluorescence intensity-based biochemical assay to screen for small molecule inhibitors of Furin conducted by the Pittsburgh Molecular Library Screening Center.,"2-(4-Aminophenyl)-1,3-benzothiazole-6-carboxylic acid","FURIN - furin, paired basic amino acid cleaving enzyme (human)",/gene/5045,"",P09958,9606,"","","","","","","",""
152229377,"",463141,17504222,3665766,"",836,"",Screening,20110107,0,0,Inactive,NP_004337,"","",The Scripps Research Institute Molecular Screening Center,Absorbance-based primary biochemical high throughput screening assay to identify activators of procaspase-3,"2-(4-Aminophenyl)-1,3-benzothiazole-6-carboxylic acid",CASP3 - caspase 3 (human),/gene/836,3.4.22.56,P42574,9606,"","","","","","","",""
152467029,"",463188,17504222,3665766,"","","",Other,20100902,0,0,Inactive,"","","",University of Pittsburgh Molecular Library Screening Center,384-well Z-Lyte format Hck-Nef inhibitor HTS: Confirmation Assays,"2-(4-Aminophenyl)-1,3-benzothiazole-6-carboxylic acid","","","","","","","","","","","","",""
152770877,"",463187,17504222,3665766,"","","",Screening,20100901,0,0,Active,"","","",University of Pittsburgh Molecular Library Screening Center,384-well Z-Lyte format Hck-Nef inhibitor HTS run at the PMLSC,"2-(4-Aminophenyl)-1,3-benzothiazole-6-carboxylic acid","","","","","","","","","","","","",""
152793020,"",463193,17504222,3665766,"",84557,"",Screening,20100903,0,0,Inactive,NP_852610,"","",University of Pittsburgh Molecular Library Screening Center,High-content cell-based screening for modulators of autophagy,"2-(4-Aminophenyl)-1,3-benzothiazole-6-carboxylic acid",MAP1LC3A - microtubule associated protein 1 light chain 3 alpha (human),/gene/84557,"",Q9H492,9606,"","","","","","","",""
153816011,"",463254,17504222,3665766,"",9099,"",Confirmatory,20100923,1,0,Inactive,NP_004196,Potency,"",National Center for Advancing Translational Sciences (NCATS),qHTS Assay for Inhibitors of Ubiquitin-specific Protease USP2a Using CHOP2 as the Reporter,"2-(4-Aminophenyl)-1,3-benzothiazole-6-carboxylic acid",USP2 - ubiquitin specific peptidase 2 (human),/gene/9099,3.4.19.12,O75604,9606,"","","","","","","",""
154448874,"",463210,17504222,3665766,"","","",Screening,20110107,0,0,Inactive,CAI12638,"","",The Scripps Research Institute Molecular Screening Center,Counterscreen for procaspase-3 activators: absorbance-based primary biochemical high throughput screening assay to identify activators of procaspase-7,"2-(4-Aminophenyl)-1,3-benzothiazole-6-carboxylic acid","caspase 7, apoptosis-related cysteine peptidase (human)",/protein/CAI12638,"",P55210,9606,"","","","","","","",""
154991549,"",485270,17504222,3665766,"",3061,"",Screening,20100924,0,0,Inactive,NP_001516,"","",The Scripps Research Institute Molecular Screening Center,FRET-based cell-based primary high throughput screening assay to identify antagonists of the orexin 1 receptor (OX1R; HCRTR1),"2-(4-Aminophenyl)-1,3-benzothiazole-6-carboxylic acid",HCRTR1 - hypocretin receptor 1 (human),/gene/3061,"",O43613,9606,"","","","","","","",""
155037844,"",485272,17504222,3665766,"",23569,"",Screening,20100924,0,0,Inactive,NP_036519,"","",The Scripps Research Institute Molecular Screening Center,Fluorescence polarization-based primary biochemical high throughput screening assay to identify inhibitors of Protein Arginine Deiminase 4 (PAD4) (1536 HTS),"2-(4-Aminophenyl)-1,3-benzothiazole-6-carboxylic acid",PADI4 - peptidyl arginine deiminase 4 (human),/gene/23569,3.5.3.15,Q9UM07,9606,"","","","","","","",""
156667942,"",485275,17504222,3665766,"","","",Screening,20120309,0,0,Inactive,"","","",NMMLSC,Phenotypic HTS multiplex for antifungal efflux pump inhibitors,"2-(4-Aminophenyl)-1,3-benzothiazole-6-carboxylic acid","","","","","","","","","","","","",""
156865615,"",485294,17504222,3665766,"","","",Confirmatory,20100929,1,0,Inactive,2HDS_A,Potency,"",National Center for Advancing Translational Sciences (NCATS),qHTS Inhibitors of AmpC Beta-Lactamase (assay with detergent),"2-(4-Aminophenyl)-1,3-benzothiazole-6-carboxylic acid","Chain A, Beta-lactamase (Escherichia coli K-12)",/protein/2HDS_A,"",1C3B_A,83333,"","","","","","","",""
157541652,"",485298,17504222,3665766,"","","",Confirmatory,20100929,1,0,Inactive,"",Potency,"",National Center for Advancing Translational Sciences (NCATS),qHTS Assay for Small Molecule Inhibitors of Mitochondrial Division or Activators of Mitochondrial Fusion,"2-(4-Aminophenyl)-1,3-benzothiazole-6-carboxylic acid","","","","","","","","","","","","",""
158329831,"",485341,17504222,3665766,"","","",Confirmatory,20101004,1,0,Inactive,2HDS_A,Potency,"",National Center for Advancing Translational Sciences (NCATS),qHTS Inhibitors of AmpC Beta-Lactamase (assay without detergent),"2-(4-Aminophenyl)-1,3-benzothiazole-6-carboxylic acid","Chain A, Beta-lactamase (Escherichia coli K-12)",/protein/2HDS_A,"",1C3B_A,83333,"","","","","","","",""
158962068,"",485317,17504222,3665766,"",2671,"",Screening,20101018,0,0,Active,NP_005253,"","",Broad Institute,HTS-Luminescent assay for inhibitors of ALR by detection of hydrogen peroxide production Measured in Biochemical System Using Plate Reader - 2036-02_Inhibitor_SinglePoint_HTS,"2-(4-Aminophenyl)-1,3-benzothiazole-6-carboxylic acid","GFER - growth factor, augmenter of liver regeneration (human)",/gene/2671,1.8.3.2,P55789,9606,"","","","","","","",""
159332109,"",485344,17504222,3665766,"",1813,"",Screening,20101004,0,0,Inactive,NP_000786,"","",National Center for Advancing Translational Sciences (NCATS),HTS Assay for Allosteric Antagonists of the Human D2 Dopamine Receptor: Primary Screen for Antagonists,"2-(4-Aminophenyl)-1,3-benzothiazole-6-carboxylic acid",DRD2 - dopamine receptor D2 (human),/gene/1813,"",P14416,9606,"","","","","","","",""
160337028,"",485347,17504222,3665766,"",1813,"",Screening,20101005,0,0,Inactive,NP_000786,"","",National Center for Advancing Translational Sciences (NCATS),HTS Assay for Positive Allosteric Modulators of the Human D2 Dopamine Receptor: Primary Screen for Potentiators,"2-(4-Aminophenyl)-1,3-benzothiazole-6-carboxylic acid",DRD2 - dopamine receptor D2 (human),/gene/1813,"",P14416,9606,"","","","","","","",""
160538362,"",485349,17504222,3665766,"",472,"",Confirmatory,20101004,1,0,Inactive,NP_000042,Potency,"",National Center for Advancing Translational Sciences (NCATS),qHTS Assay for Identifying a Potential Treatment of Ataxia-Telangiectasia,"2-(4-Aminophenyl)-1,3-benzothiazole-6-carboxylic acid",ATM - ATM serine/threonine kinase (human),/gene/472,2.7.11.1,Q13315,9606,"","","","","","","",""
160834249,"",485358,17504222,3665766,"",1813,"",Screening,20101005,0,0,Inactive,NP_000786,"","",National Center for Advancing Translational Sciences (NCATS),HTS Assay for Allosteric Agonists of the Human D2 Dopamine Receptor: Primary Screen for Agonists,"2-(4-Aminophenyl)-1,3-benzothiazole-6-carboxylic acid",DRD2 - dopamine receptor D2 (human),/gene/1813,"",P14416,9606,"","","","","","","",""
161336023,"",485353,17504222,3665766,"",1489680,"",Confirmatory,20101112,1,0,Inactive,NP_828849,"","",National Center for Advancing Translational Sciences (NCATS),qHTS of Yeast-based Assay for SARS-CoV PLP,"2-(4-Aminophenyl)-1,3-benzothiazole-6-carboxylic acid",ORF1ab - ORF1a polyprotein;ORF1ab polyprotein (SARS coronavirus Tor2),/gene/1489680,2.1.1.-|2.1.1.56|2.1.1.57|2.7.7.48|2.7.7.50|3.1.13.-|3.4.19.12|3.4.22.-|3.4.22.69|3.6.4.12|3.6.4.13|4.6.1.-,P0C6X7,227984,"","","","","","","",""
161686090,"",485360,17504222,3665766,"",26013,"",Confirmatory,20101005,1,0,Inactive,NP_056293,Potency,"",National Center for Advancing Translational Sciences (NCATS),qHTS Assay for the Inhibitors of L3MBTL1,"2-(4-Aminophenyl)-1,3-benzothiazole-6-carboxylic acid",L3MBTL1 - L3MBTL histone methyl-lysine binding protein 1 (human),/gene/26013,"",Q9Y468,9606,"","","","","","","",""
161814923,"",485364,17504222,3665766,"","","",Confirmatory,20101006,1,0,Inactive,AAK85233,Potency,"",National Center for Advancing Translational Sciences (NCATS),qHTS Assay for the Inhibitors of Schistosoma Mansoni Peroxiredoxins,"2-(4-Aminophenyl)-1,3-benzothiazole-6-carboxylic acid",thioredoxin glutathione reductase (Schistosoma mansoni),/protein/AAK85233,"",AAK85233,6183,"","","","","","","",""
162347305,"",485367,17504222,3665766,"",3656265,"",Confirmatory,20101105,1,0,Inactive,XP_843920,Potency,"",National Center for Advancing Translational Sciences (NCATS),qHTS Assay to Find Inhibitors of T. brucei phosphofructokinase,"2-(4-Aminophenyl)-1,3-benzothiazole-6-carboxylic acid",Tb927.3.3270 - ATP-dependent phosphofructokinase (Trypanosoma brucei brucei TREU927),/gene/3656265,"",XP_843920,185431,"","","","","","","",""
162763270,"",488837,17504222,3665766,"",2139,"",Confirmatory,20101020,1,0,Inactive,NP_005235,Potency,"",National Center for Advancing Translational Sciences (NCATS),qHTS Assay for Inhibitors of the Phosphatase Activity of Eya2,"2-(4-Aminophenyl)-1,3-benzothiazole-6-carboxylic acid",EYA2 - EYA transcriptional coactivator and phosphatase 2 (human),/gene/2139,3.1.3.48,O00167,9606,"","","","","","","",""
163122959,"",488839,17504222,3665766,"",1020,"",Screening,20101020,0,0,Inactive,CAG33322,"","",Broad Institute,Development of CDK5 inhibitors   Measured in Biochemical System Using Plate Reader - 2083-01_Inhibitor_SinglePoint_HTS_Activity,"2-(4-Aminophenyl)-1,3-benzothiazole-6-carboxylic acid",CDK5 - cyclin dependent kinase 5 (human),/gene/1020,"",CAG33322,9606,"","","","","","","",""
163122960,"",488839,17504222,3665766,"",8851,"",Screening,20101020,0,0,Inactive,AAH26347,"","",Broad Institute,Development of CDK5 inhibitors   Measured in Biochemical System Using Plate Reader - 2083-01_Inhibitor_SinglePoint_HTS_Activity,"2-(4-Aminophenyl)-1,3-benzothiazole-6-carboxylic acid",CDK5R1 - cyclin dependent kinase 5 regulatory subunit 1 (human),/gene/8851,"",AAH26347,9606,"","","","","","","",""
163700739,"",488847,17504222,3665766,"",156,"",Screening,20110315,0,0,Inactive,NP_001610,"","",NMMLSC,RNA aptamer-based HTS for inhibitors of GRK2,"2-(4-Aminophenyl)-1,3-benzothiazole-6-carboxylic acid",GRK2 - G protein-coupled receptor kinase 2 (human),/gene/156,2.7.11.15,P25098,9606,"","","","","","","",""
164050435,"",488862,17504222,3665766,"","","",Screening,20101021,0,0,Inactive,"","","",Broad Institute,Inhibitors of Prion Protein 5' UTR mRNA Measured in Cell-Based System Using Plate Reader - 2078-01_Inhibitor_SinglePoint_HTS_Activity,"2-(4-Aminophenyl)-1,3-benzothiazole-6-carboxylic acid","","","","","","","","","","","","",""
164478412,"",488890,17504222,3665766,"","","",Confirmatory,20101202,0,0,Inactive,"",IC50,"",Southern Research Specialized Biocontainment Screening Center,"Elucidation of physiology of non-replicating, drug-tolerant Mycobacterium tuberculosis","2-(4-Aminophenyl)-1,3-benzothiazole-6-carboxylic acid","","","","","","","","","","","","",""
164537275,"",488895,17504222,3665766,"",948321,"",Screening,20101117,0,0,Inactive,NP_418280,"","",Broad Institute,High Throughput Screen for Tat Transport Inhibitors Measured in Microorganism System Using Plate Reader - 2093-01_Inhibitor_SinglePoint_HTS_Activity,"2-(4-Aminophenyl)-1,3-benzothiazole-6-carboxylic acid",tatA - twin arginine protein translocation system - TatA protein (Escherichia coli str. K-12 substr. MG1655),/gene/948321,"",P69428,511145,"","","","","","","",""
165185239,"",488899,17504222,3665766,"",4286,"",Screening,20101025,0,0,Active,AAH65243,"","",Broad Institute,MITF Measured in Cell-Based System Using Plate Reader - 2084-01_Inhibitor_SinglePoint_HTS_Activity,"2-(4-Aminophenyl)-1,3-benzothiazole-6-carboxylic acid",MITF - melanocyte inducing transcription factor (human),/gene/4286,"",AAH65243,9606,"","","","","","","",""
165258190,"",488896,17504222,3665766,"",20778,"",Screening,20101025,0,0,Inactive,NP_058021,"","",Broad Institute,HTS using DiI-HDL to assay lipid transfer in ldlA[SR-BI] cells Measured in Cell-Based System Using Plate Reader - 2085-01_Inhibitor_SinglePoint_HTS_Activity,"2-(4-Aminophenyl)-1,3-benzothiazole-6-carboxylic acid","Scarb1 - scavenger receptor class B, member 1 (house mouse)",/gene/20778,"",Q61009,10090,"","","","","","","",""
165917373,"",488922,17504222,3665766,"","","",Screening,20101101,0,0,Inactive,NP_057685,"","",Johns Hopkins Ion Channel Center,Primary cell-based screen for identification of compounds that inhibit the two-pore domain potassium channel KCNK9,"2-(4-Aminophenyl)-1,3-benzothiazole-6-carboxylic acid",potassium channel subfamily K member 9 (human),/protein/NP_057685,"",Q9NPC2,9606,"","","","","","","",""
166119244,"",488966,17504222,3665766,"","","",Confirmatory,20101028,0,0,Inactive,"",IC50,"",Southern Research Specialized Biocontainment Screening Center,Primary and Confirmatory Screening for Inhibitors of Bacterial Capsule Biogenesis,"2-(4-Aminophenyl)-1,3-benzothiazole-6-carboxylic acid","","","","","","","","","","","","",""
166270413,"",488975,17504222,3665766,"",60482,"",Screening,20101117,0,0,Inactive,NP_068587,"","",Johns Hopkins Ion Channel Center,Primary cell-based screen for identification of compounds that inhibit the Choline Transporter (CHT),"2-(4-Aminophenyl)-1,3-benzothiazole-6-carboxylic acid",SLC5A7 - solute carrier family 5 member 7 (human),/gene/60482,"",Q9GZV3,9606,"","","","","","","",""
166426085,"",488965,17504222,3665766,"","","",Screening,20101130,0,0,Inactive,YP_002440506,"","",Broad Institute,Fluorescent Biochemical Primary HTS to Identify Inhibitors of P. aeruginosa PvdQ acylase Measured in Biochemical System Using Plate Reader and Imaging Combination - 2091-01_Inhibitor_SinglePoint_HTS_Activity,"2-(4-Aminophenyl)-1,3-benzothiazole-6-carboxylic acid",protein PvdQ (Pseudomonas aeruginosa LESB58),/protein/YP_002440506,"",YP_002440506,557722,"","","","","","","",""
167050805,"",488969,17504222,3665766,"",60590,"",Screening,20120324,0,0,Unspecified,AAB09537,"","",Vanderbilt High Throughput Screening Facility,Assay for HTS of Gi/Go-linked GPCRs using mGluR8: Primary Screening,"2-(4-Aminophenyl)-1,3-benzothiazole-6-carboxylic acid",Grm8 - glutamate metabotropic receptor 8 (Norway rat),/gene/60590,"",P70579,10116,"","","","","","","",""
167190671,"",488977,17504222,3665766,"",60482,"",Screening,20101214,0,0,Inactive,NP_068587,"","",Johns Hopkins Ion Channel Center,Primary cell-based screen for identification of compounds that allosterically activate the Choline Transporter (CHT),"2-(4-Aminophenyl)-1,3-benzothiazole-6-carboxylic acid",SLC5A7 - solute carrier family 5 member 7 (human),/gene/60482,"",Q9GZV3,9606,"","","","","","","",""
168104221,"",492947,17504222,3665766,"",154,"",Confirmatory,20101129,1,0,Inactive,NP_000015,Potency,"",National Center for Advancing Translational Sciences (NCATS),qHTS assay of beta-arrestin-biased ligands of beta2-adrenergic receptor,"2-(4-Aminophenyl)-1,3-benzothiazole-6-carboxylic acid",ADRB2 - adrenoceptor beta 2 (human),/gene/154,"",P07550,9606,"","","","","","","",""
168515061,"",492956,17504222,3665766,"",5051,"",Screening,20101202,0,0,Inactive,NP_000428,"","",The Scripps Research Institute Molecular Screening Center,Fluorescence polarization-based primary biochemical high throughput screening assay to identify inhibitors of human platelet activating factor acetylhydrolase 2 (PAFAH2),"2-(4-Aminophenyl)-1,3-benzothiazole-6-carboxylic acid",PAFAH2 - platelet activating factor acetylhydrolase 2 (human),/gene/5051,2.3.1.149|3.1.1.47,Q99487,9606,"","","","","","","",""
168566696,"",492953,17504222,3665766,"",5049,"",Screening,20101202,0,0,Inactive,NP_001171675,"","",The Scripps Research Institute Molecular Screening Center,"Fluorescence polarization-based primary biochemical high throughput screening assay to identify inhibitors of human platelet-activating factor acetylhydrolase 1b, catalytic subunit 2 (PAFAH1B2)","2-(4-Aminophenyl)-1,3-benzothiazole-6-carboxylic acid",PAFAH1B2 - platelet activating factor acetylhydrolase 1b catalytic subunit 2 (human),/gene/5049,3.1.1.47,P68402,9606,"","","","","","","",""
169335599,"",493005,17504222,3665766,"",7251,"",Confirmatory,20101223,1,0,Inactive,NP_006283,Potency,"",National Center for Advancing Translational Sciences (NCATS),qHTS Assay for Iinhibitors of HIV-1 Budding by Blocking the Interaction of PTAP/TSG101,"2-(4-Aminophenyl)-1,3-benzothiazole-6-carboxylic acid",TSG101 - tumor susceptibility 101 (human),/gene/7251,"",Q99816,9606,"","","","","","","",""
170150119,"",493008,17504222,3665766,"",7139,"",Screening,20101229,0,0,Inactive,NP_001001431,"","",The Scripps Research Institute Molecular Screening Center,Fluorescence-based biochemical primary high throughput screening assay to identify activators of the calcium sensitivity of cardiac Regulated Thin Filaments (RTF),"2-(4-Aminophenyl)-1,3-benzothiazole-6-carboxylic acid","TNNT2 - troponin T2, cardiac type (human)",/gene/7139,"",P45379,9606,"","","","","","","",""
170150120,"",493008,17504222,3665766,"",7134,"",Screening,20101229,0,0,Inactive,NP_003271,"","",The Scripps Research Institute Molecular Screening Center,Fluorescence-based biochemical primary high throughput screening assay to identify activators of the calcium sensitivity of cardiac Regulated Thin Filaments (RTF),"2-(4-Aminophenyl)-1,3-benzothiazole-6-carboxylic acid","TNNC1 - troponin C1, slow skeletal and cardiac type (human)",/gene/7134,"",P63316,9606,"","","","","","","",""
170150121,"",493008,17504222,3665766,"",100037999,"",Screening,20101229,0,0,Inactive,CAA46986,"","",The Scripps Research Institute Molecular Screening Center,Fluorescence-based biochemical primary high throughput screening assay to identify activators of the calcium sensitivity of cardiac Regulated Thin Filaments (RTF),"2-(4-Aminophenyl)-1,3-benzothiazole-6-carboxylic acid",TPM1 - tropomyosin 1 (pig),/gene/100037999,"",CAA46986,9823,"","","","","","","",""
170150122,"",493008,17504222,3665766,"",7137,"",Screening,20101229,0,0,Inactive,NP_000354,"","",The Scripps Research Institute Molecular Screening Center,Fluorescence-based biochemical primary high throughput screening assay to identify activators of the calcium sensitivity of cardiac Regulated Thin Filaments (RTF),"2-(4-Aminophenyl)-1,3-benzothiazole-6-carboxylic acid","TNNI3 - troponin I3, cardiac type (human)",/gene/7137,"",P19429,9606,"","","","","","","",""
170909844,"",492972,17504222,3665766,"",5050,"",Screening,20101208,0,0,Inactive,NP_001139412,"","",The Scripps Research Institute Molecular Screening Center,"Fluorescence polarization-based primary biochemical high throughput screening assay to identify inhibitors of human platelet-activating factor acetylhydrolase 1B, catalytic subunit 3 (PAFAH1B3)","2-(4-Aminophenyl)-1,3-benzothiazole-6-carboxylic acid",PAFAH1B3 - platelet activating factor acetylhydrolase 1b catalytic subunit 3 (human),/gene/5050,3.1.1.47,Q15102,9606,"","","","","","","",""
172470282,"",493084,17504222,3665766,"",7201,"",Screening,20110125,0,0,Inactive,NP_003292,"","",National Center for Advancing Translational Sciences (NCATS),qHTS for Small Molecule Agonists and Allosteric Enhancers of Human TRH Receptor: Primary Screen for Agonists.,"2-(4-Aminophenyl)-1,3-benzothiazole-6-carboxylic acid",TRHR - thyrotropin releasing hormone receptor (human),/gene/7201,"",P34981,9606,"","","","","","","",""
173043605,"",493056,17504222,3665766,"",7201,"",Screening,20110120,0,0,Inactive,NP_003292,"","",National Center for Advancing Translational Sciences (NCATS),qHTS for Small Molecule Agonists and Allosteric Enhancers of Human TRH Receptor: Primary Screen for Enhancers,"2-(4-Aminophenyl)-1,3-benzothiazole-6-carboxylic acid",TRHR - thyrotropin releasing hormone receptor (human),/gene/7201,"",P34981,9606,"","","","","","","",""
173773648,"",493091,17504222,3665766,"",58190,"",Screening,20110126,0,0,Inactive,NP_067021,"","",Burnham Center for Chemical Genomics,uHTS Colorimetric assay for identification of inhibitors of Scp-1,"2-(4-Aminophenyl)-1,3-benzothiazole-6-carboxylic acid",CTDSP1 - CTD small phosphatase 1 (human),/gene/58190,3.1.3.16,Q9GZU7,9606,"","","","","","","",""
174173139,"",493098,17504222,3665766,"",1235,"",Screening,20110127,0,0,Inactive,NP_004358,"","",Burnham Center for Chemical Genomics,uHTS identification of small molecule antagonists of the CCR6 receptor via a luminescent beta-arrestin assay,"2-(4-Aminophenyl)-1,3-benzothiazole-6-carboxylic acid",CCR6 - C-C motif chemokine receptor 6 (human),/gene/1235,"",P51684,9606,"","","","","","","",""
174273436,"",493087,17504222,3665766,"",3416,"",Screening,20110125,0,0,Inactive,NP_004960,"","",The Scripps Research Institute Molecular Screening Center,Fluorescence polarization-based cell-based primary high throughput screening assay to identify activators of insulin-degrading enzyme (IDE),"2-(4-Aminophenyl)-1,3-benzothiazole-6-carboxylic acid",IDE - insulin degrading enzyme (human),/gene/3416,3.4.24.56,P14735,9606,"","","","","","","",""
174921196,"",493160,17504222,3665766,"",80201,"",Screening,20110208,0,0,Inactive,NP_079406,"","",Burnham Center for Chemical Genomics,uHTS Fluorescent assay for identification of inhibitors of hexokinase domain containing  I (HKDC1),"2-(4-Aminophenyl)-1,3-benzothiazole-6-carboxylic acid",HKDC1 - hexokinase domain containing 1 (human),/gene/80201,2.7.1.1,Q2TB90,9606,"","","","","","","",""
175114223,"",493131,17504222,3665766,"",14282,"",Screening,20110131,0,0,Inactive,NP_032062,"","",Broad Institute,Activator for delta FosB/delta FosB homodimer Measured in Biochemical System Using Plate Reader - 2072-01_Activator_SinglePoint_HTS_Activity,"2-(4-Aminophenyl)-1,3-benzothiazole-6-carboxylic acid",Fosb - FBJ osteosarcoma oncogene B (house mouse),/gene/14282,"",P13346,10090,"","","","","","","",""
175480373,"",493187,17504222,3665766,"",80201,"",Screening,20110426,0,0,Inactive,NP_079406,"","",Burnham Center for Chemical Genomics,uHTS Fluorescent assay for identification of activators of hexokinase domain containing  I (HKDC1),"2-(4-Aminophenyl)-1,3-benzothiazole-6-carboxylic acid",HKDC1 - hexokinase domain containing 1 (human),/gene/80201,2.7.1.1,Q2TB90,9606,"","","","","","","",""
175762873,"",493191,17504222,3665766,"",4286,"",Confirmatory,20110210,1,0,Inactive,AAH65243,AC50,"",Broad Institute,MITF Orthogonal Assay: MALME3 CTG Assay Measured in Cell-Based System Using Plate Reader - 2084-04_Inhibitor_Dose_CherryPick_Activity,"2-(4-Aminophenyl)-1,3-benzothiazole-6-carboxylic acid",MITF - melanocyte inducing transcription factor (human),/gene/4286,"",AAH65243,9606,"","","","","","","",""
175766881,"",493240,17504222,3665766,"",4286,"",Confirmatory,20110216,1,0,Inactive,AAH65243,AC50,"",Broad Institute,MITF Orthogonal Assay: SK-MEL-5 CTG Assay Measured in Cell-Based System Using Plate Reader - 2084-02_Inhibitor_Dose_CherryPick_Activity_Set3,"2-(4-Aminophenyl)-1,3-benzothiazole-6-carboxylic acid",MITF - melanocyte inducing transcription factor (human),/gene/4286,"",AAH65243,9606,499,"","","","","","",""
176443058,"",493244,17504222,3665766,"",7137,"",Screening,20110217,0,0,Inactive,NP_000354,"","",The Scripps Research Institute Molecular Screening Center,Fluorescence-based biochemical primary high throughput screening assay to identify inhibitors of the calcium sensitivity of cardiac Regulated Thin Filaments (RTF),"2-(4-Aminophenyl)-1,3-benzothiazole-6-carboxylic acid","TNNI3 - troponin I3, cardiac type (human)",/gene/7137,"",P19429,9606,"","","","","","","",""
176443059,"",493244,17504222,3665766,"",7139,"",Screening,20110217,0,0,Inactive,NP_001001431,"","",The Scripps Research Institute Molecular Screening Center,Fluorescence-based biochemical primary high throughput screening assay to identify inhibitors of the calcium sensitivity of cardiac Regulated Thin Filaments (RTF),"2-(4-Aminophenyl)-1,3-benzothiazole-6-carboxylic acid","TNNT2 - troponin T2, cardiac type (human)",/gene/7139,"",P45379,9606,"","","","","","","",""
176443060,"",493244,17504222,3665766,"",7134,"",Screening,20110217,0,0,Inactive,NP_003271,"","",The Scripps Research Institute Molecular Screening Center,Fluorescence-based biochemical primary high throughput screening assay to identify inhibitors of the calcium sensitivity of cardiac Regulated Thin Filaments (RTF),"2-(4-Aminophenyl)-1,3-benzothiazole-6-carboxylic acid","TNNC1 - troponin C1, slow skeletal and cardiac type (human)",/gene/7134,"",P63316,9606,"","","","","","","",""
176443061,"",493244,17504222,3665766,"",100037999,"",Screening,20110217,0,0,Inactive,CAA46986,"","",The Scripps Research Institute Molecular Screening Center,Fluorescence-based biochemical primary high throughput screening assay to identify inhibitors of the calcium sensitivity of cardiac Regulated Thin Filaments (RTF),"2-(4-Aminophenyl)-1,3-benzothiazole-6-carboxylic acid",TPM1 - tropomyosin 1 (pig),/gene/100037999,"",CAA46986,9823,"","","","","","","",""
177771629,"",504326,17504222,3665766,"",4985,"",Screening,20110926,0,0,Inactive,NP_000902,"","",The Scripps Research Institute Molecular Screening Center,Luminescence-based cell-based primary high throughput screening assay to identify agonists of heterodimerization of the mu 1 (OPRM1) and delta 1 (OPRD1) opioid receptors,"2-(4-Aminophenyl)-1,3-benzothiazole-6-carboxylic acid",OPRD1 - opioid receptor delta 1 (human),/gene/4985,"",P41143,9606,"","","","","","","",""
177771630,"",504326,17504222,3665766,"",4988,"",Screening,20110926,0,0,Inactive,NP_000905,"","",The Scripps Research Institute Molecular Screening Center,Luminescence-based cell-based primary high throughput screening assay to identify agonists of heterodimerization of the mu 1 (OPRM1) and delta 1 (OPRD1) opioid receptors,"2-(4-Aminophenyl)-1,3-benzothiazole-6-carboxylic acid",OPRM1 - opioid receptor mu 1 (human),/gene/4988,"",P35372,9606,"","","","","","","",""
178462113,"",504329,17504222,3665766,"",23308111,"",Confirmatory,20110222,0,0,Inactive,ACP44172,IC50,"",Southern Research Specialized Biocontainment Screening Center,Discovery of Small Molecule Probes for H1N1 Influenza NS1A,"2-(4-Aminophenyl)-1,3-benzothiazole-6-carboxylic acid",NS1 - nonstructural protein 1 (Influenza A virus (A/California/07/2009(H1N1))),/gene/23308111,"",ACP44172,641809,"","","","","","","",""
179146976,"",504333,17504222,3665766,"",29994,"",Confirmatory,20110222,1,0,Inactive,BAA89212,Potency,"",National Center for Advancing Translational Sciences (NCATS),qHTS Assay for Inhibitors of BAZ2B,"2-(4-Aminophenyl)-1,3-benzothiazole-6-carboxylic acid",BAZ2B - bromodomain adjacent to zinc finger domain 2B (human),/gene/29994,"",BAA89212,9606,"","","","","","","",""
179400294,"",504339,17504222,3665766,"","","",Confirmatory,20110222,1,0,Inactive,2QQS_A,Potency,"",National Center for Advancing Translational Sciences (NCATS),qHTS Assay for Inhibitors of JMJD2A-Tudor Domain,"2-(4-Aminophenyl)-1,3-benzothiazole-6-carboxylic acid","Chain A, JmjC domain-containing histone demethylation protein 3A (human)",/protein/2QQS_A,"",2QQS_A,9606,"","","","","","","",""
180020934,"",504357,17504222,3665766,"",4988,"",Screening,20110224,0,0,Inactive,NP_000905,"","",The Scripps Research Institute Molecular Screening Center,Luminescence-based cell-based primary high throughput screening assay to identify inverse agonists of heterodimerization of the mu 1 (OPRM1) and delta 1 (OPRD1) opioid receptors,"2-(4-Aminophenyl)-1,3-benzothiazole-6-carboxylic acid",OPRM1 - opioid receptor mu 1 (human),/gene/4988,"",P35372,9606,"","","","","","","",""
180020935,"",504357,17504222,3665766,"",4985,"",Screening,20110224,0,0,Inactive,NP_000902,"","",The Scripps Research Institute Molecular Screening Center,Luminescence-based cell-based primary high throughput screening assay to identify inverse agonists of heterodimerization of the mu 1 (OPRM1) and delta 1 (OPRD1) opioid receptors,"2-(4-Aminophenyl)-1,3-benzothiazole-6-carboxylic acid",OPRD1 - opioid receptor delta 1 (human),/gene/4985,"",P41143,9606,"","","","","","","",""
180546378,"",504406,17504222,3665766,"",886142,"",Screening,20110302,0,0,Inactive,NP_218326,"","",Broad Institute,Inhibitors of Mycobacterium tuberculosis UDP-galactopyranose mutase (UGM) enzyme - High throughput screening using Fluorescent polarization assay Measured in Biochemical System Using Plate Reader - 2105-01_Inhibitor_SinglePoint_HTS_Activity_Set6,"2-(4-Aminophenyl)-1,3-benzothiazole-6-carboxylic acid",glf - UDP-galactopyranose mutase (Mycobacterium tuberculosis H37Rv),/gene/886142,5.4.99.9,P9WIQ1,83332,"","","","","","","",""
180936337,"",504411,17504222,3665766,"",221955,"",Screening,20110303,0,0,Inactive,NP_631918,"","",The Scripps Research Institute Molecular Screening Center,"Fluorescence-based primary biochemical high throughput screening assay to identify inhibitors of human diacylglycerol lipase, beta (DAGLB)","2-(4-Aminophenyl)-1,3-benzothiazole-6-carboxylic acid",DAGLB - diacylglycerol lipase beta (human),/gene/221955,3.1.1.116|3.1.1.3,Q8NCG7,9606,"","","","","","","",""
181281833,"",504414,17504222,3665766,"",57120,"",Screening,20110303,0,0,Inactive,NP_065132,"","",Broad Institute,Fluorescence Polarization with Cer CAL-PDZ Measured in Biochemical System Using Plate Reader - 2109-01_Inhibitor_SinglePoint_HTS_Activity,"2-(4-Aminophenyl)-1,3-benzothiazole-6-carboxylic acid",GOPC - golgi associated PDZ and coiled-coil motif containing (human),/gene/57120,"",Q9HD26,9606,"","","","","","","",""
181281834,"",504414,17504222,3665766,"",1080,"",Screening,20110303,0,0,Inactive,NP_000483,"","",Broad Institute,Fluorescence Polarization with Cer CAL-PDZ Measured in Biochemical System Using Plate Reader - 2109-01_Inhibitor_SinglePoint_HTS_Activity,"2-(4-Aminophenyl)-1,3-benzothiazole-6-carboxylic acid",CFTR - CF transmembrane conductance regulator (human),/gene/1080,5.6.1.6,P13569,9606,"","","","","","","",""
181799736,"",504408,17504222,3665766,"","","",Screening,20110307,0,0,Inactive,"","","",Broad Institute,Heat Shock Factor-1 (HSF-1) Measured in Cell-Based System Using Plate Reader - 2038-01_Activator_SinglePoint_HTS_Activity,"2-(4-Aminophenyl)-1,3-benzothiazole-6-carboxylic acid","","","","","","","","","","","","",""
182274154,"",504423,17504222,3665766,"","","",Screening,20110307,0,0,Inactive,ADQ57959,"","",Broad Institute,C-LANA FP assay Measured in Biochemical System Using Plate Reader - 2117-01_Inhibitor_SinglePoint_HTS_Activity,"2-(4-Aminophenyl)-1,3-benzothiazole-6-carboxylic acid",LANA (Human gammaherpesvirus 8),/protein/ADQ57959,"",ADQ57959,37296,"","","","","","","",""
182540933,"",504441,17504222,3665766,"",25255,"",Screening,20110310,0,0,Inactive,NP_036923,"","",Broad Institute,Dyrk1 A HTS Measured in Biochemical System Using Plate Reader - 2124-01_Inhibitor_SinglePoint_HTS_Activity,"2-(4-Aminophenyl)-1,3-benzothiazole-6-carboxylic acid",Dyrk1a - dual specificity tyrosine phosphorylation regulated kinase 1A (Norway rat),/gene/25255,2.7.11.23|2.7.12.1,Q63470,10116,"","","","","","","",""
183304976,"",504454,17504222,3665766,"",154,"",Screening,20110921,0,0,Inactive,NP_000015,"","",NMMLSC,HTS for Beta-2AR agonists via FAP method,"2-(4-Aminophenyl)-1,3-benzothiazole-6-carboxylic acid",ADRB2 - adrenoceptor beta 2 (human),/gene/154,"",P07550,9606,"","","","","","","",""
183659258,"",504462,17504222,3665766,"",23192,"",Screening,20110316,0,0,Inactive,NP_037457,"","",Burnham Center for Chemical Genomics,uHTS fluorescent assay for identification of inhibitors of ATG4B,"2-(4-Aminophenyl)-1,3-benzothiazole-6-carboxylic acid",ATG4B - autophagy related 4B cysteine peptidase (human),/gene/23192,3.4.22.-,Q9Y4P1,9606,"","","","","","","",""
184103372,"",504467,17504222,3665766,"",79915,"",Confirmatory,20110316,1,0,Inconclusive,AAH15051,Potency,"",National Center for Advancing Translational Sciences (NCATS),qHTS screen for small molecules that inhibit ELG1-dependent DNA repair in human embryonic kidney (HEK293T) cells expressing luciferase-tagged ELG1,"2-(4-Aminophenyl)-1,3-benzothiazole-6-carboxylic acid",ATAD5 - ATPase family AAA domain containing 5 (human),/gene/79915,"",AAH15051,9606,"","","","","","","",""
184857203,"",504523,17504222,3665766,"",9817,"",Screening,20110321,0,0,Inactive,NP_987096,"","",Broad Institute,Fluorescence polarization to screen for inhibitors that disrupt the protein-protein interaction between Keap1 and Nrf2   Measured in Biochemical System Using Plate Reader - 2119-01_Inhibitor_SinglePoint_HTS_Activity,"2-(4-Aminophenyl)-1,3-benzothiazole-6-carboxylic acid",KEAP1 - kelch like ECH associated protein 1 (human),/gene/9817,"",Q14145,9606,"","","","","","","",""
184857204,"",504523,17504222,3665766,"",4780,"",Screening,20110321,0,0,Inactive,NP_001138884,"","",Broad Institute,Fluorescence polarization to screen for inhibitors that disrupt the protein-protein interaction between Keap1 and Nrf2   Measured in Biochemical System Using Plate Reader - 2119-01_Inhibitor_SinglePoint_HTS_Activity,"2-(4-Aminophenyl)-1,3-benzothiazole-6-carboxylic acid",NFE2L2 - NFE2 like bZIP transcription factor 2 (human),/gene/4780,"",Q16236,9606,"","","","","","","",""
185254965,"",504558,17504222,3665766,"",3783750,"",Screening,20110324,0,0,Active,CAD53472,"","",Broad Institute,Inhibitors of Epstein-Barr LMP1 inducible NF-kappaB luciferase reporter Measured in Cell-Based System Using Plate Reader - 2122-01_Inhibitor_SinglePoint_HTS_Activity,"2-(4-Aminophenyl)-1,3-benzothiazole-6-carboxylic acid",LMP-1 - latent membrane protein LMP-1 (Epstein-Barr virus),/gene/3783750,"",P03230,10376,"","","","","","","",""
185534018,"",504490,17504222,3665766,"",408,"",Screening,20110326,0,0,Inactive,AAH03636,"","",NMMLSC,Assay for Inhibitors of the beta-Arrestin-Adaptor Protein 2 Interaction That Mediate GPCR Degradation and Recycling,"2-(4-Aminophenyl)-1,3-benzothiazole-6-carboxylic acid",ARRB1 - arrestin beta 1 (human),/gene/408,"",P49407,9606,"","","","","","","",""
186036158,"",504577,17504222,3665766,"",855842,"",Screening,20120118,0,0,Inactive,NP_015090,"","",NMMLSC,HTS of Small Molecules that Regulate V-ATPase Proton Transport in Yeast using pHLuorin,"2-(4-Aminophenyl)-1,3-benzothiazole-6-carboxylic acid",VMA11 - H(+)-transporting V0 sector ATPase subunit c' (Saccharomyces cerevisiae S288C),/gene/855842,"",P32842,559292,"","","","","","","",""
186601608,"",504582,17504222,3665766,"",811941,"",Screening,20110331,0,0,Inactive,XP_001348533,"","",Broad Institute,In vivo-based yeast HTS to detect compounds rescuing yeast growth/survival of Plasmodium Falciparum HSP40-mediated toxicity Measured in Whole Organism System Using Plate Reader - 2120-01_Inhibitor_SinglePoint_HTS_Activity,"2-(4-Aminophenyl)-1,3-benzothiazole-6-carboxylic acid","PF3D7_1437900 - HSP40, subfamily A (Plasmodium falciparum 3D7)",/gene/811941,"",XP_001348533,36329,"","","","","","","",""
186634938,"",504621,17504222,3665766,"",811999,"",Screening,20110330,0,0,Inactive,XP_001348591,"","",Broad Institute,Anti-Malarial Hsp90 Inhibitors Measured in Microorganism System Using Plate Reader - 2121-01_Inhibitor_SinglePoint_HTS_Activity_Set2,"2-(4-Aminophenyl)-1,3-benzothiazole-6-carboxylic acid","PF3D7_1443900 - heat shock protein 90, putative (Plasmodium falciparum 3D7)",/gene/811999,"",XP_001348591,36329,"","","","","","","",""
187249850,"",504648,17504222,3665766,"","","",Confirmatory,20110412,1,0,Inactive,"",Potency,"",National Center for Advancing Translational Sciences (NCATS),Nrf2 qHTS screen for inhibitors: counterscreen for cytotoxicity,"2-(4-Aminophenyl)-1,3-benzothiazole-6-carboxylic acid","","","","","","","","","","","","",""
187485000,"",504651,17504222,3665766,"",1812,"",Screening,20110412,0,0,Inactive,NP_000785,"","",National Center for Advancing Translational Sciences (NCATS),Potentiators of Human D1 Dopamine Receptor: qHTS,"2-(4-Aminophenyl)-1,3-benzothiazole-6-carboxylic acid",DRD1 - dopamine receptor D1 (human),/gene/1812,"",P21728,9606,"","","","","","","",""
187790764,"",504634,17504222,3665766,"",3361,"",Screening,20110403,0,0,Inactive,NP_076917,"","",The Scripps Research Institute Molecular Screening Center,Counterscreen for inverse agonists of OPRM1-OPRD1 heterodimerization: luminescence-based cell-based full-deck high throughput screening assay to identify inverse agonists of 5-hydroxytryptamine (serotonin) 5A receptor (HTR5A),"2-(4-Aminophenyl)-1,3-benzothiazole-6-carboxylic acid",HTR5A - 5-hydroxytryptamine receptor 5A (human),/gene/3361,"",P47898,9606,"","","","","","","",""
188384389,"",504652,17504222,3665766,"",1812,"",Screening,20110412,0,0,Inactive,NP_000785,"","",National Center for Advancing Translational Sciences (NCATS),Antagonist of Human D 1 Dopamine Receptor: qHTS,"2-(4-Aminophenyl)-1,3-benzothiazole-6-carboxylic acid",DRD1 - dopamine receptor D1 (human),/gene/1812,"",P21728,9606,"","","","","","","",""
188670849,"",504660,17504222,3665766,"",1812,"",Screening,20110413,0,0,Inactive,NP_000785,"","",National Center for Advancing Translational Sciences (NCATS),Allosteric Agonists of the Human D1 Dopamine Receptor: qHTS,"2-(4-Aminophenyl)-1,3-benzothiazole-6-carboxylic acid",DRD1 - dopamine receptor D1 (human),/gene/1812,"",P21728,9606,"","","","","","","",""
188862230,"",504690,17504222,3665766,"","","",Screening,20110517,0,0,Inactive,CAC24715,"","",Burnham Center for Chemical Genomics,uHTS identification of small molecule inhibitors of Plasmodium falciparum Glucose-6-phosphate dehydrogenase via a fluorescence intensity assay,"2-(4-Aminophenyl)-1,3-benzothiazole-6-carboxylic acid",glucose-6-phosphate dehydrogenase-6-phosphogluconolactonase (Plasmodium berghei),/protein/CAC24715,"",CAC24715,5821,"","","","","","","",""
189782639,"",504700,17504222,3665766,"",5577,"",Screening,20110422,0,0,Inactive,NP_002727,"","",The Scripps Research Institute Molecular Screening Center,Fluorescence polarization-based biochemical primary high throughput screening assay to identify activators of the Protein Kinase A-R2B (PKA-R2B) complex,"2-(4-Aminophenyl)-1,3-benzothiazole-6-carboxylic acid",PRKAR2B - protein kinase cAMP-dependent type II regulatory subunit beta (human),/gene/5577,"",P31323,9606,"","","","","","","",""
189782640,"",504700,17504222,3665766,"",5567,"",Screening,20110422,0,0,Inactive,NP_997461,"","",The Scripps Research Institute Molecular Screening Center,Fluorescence polarization-based biochemical primary high throughput screening assay to identify activators of the Protein Kinase A-R2B (PKA-R2B) complex,"2-(4-Aminophenyl)-1,3-benzothiazole-6-carboxylic acid",PRKACB - protein kinase cAMP-activated catalytic subunit beta (human),/gene/5567,2.7.11.11,P22694,9606,"","","","","","","",""
190237151,"",504692,17504222,3665766,"",3361,"",Screening,20110701,0,0,Inactive,NP_076917,"","",The Scripps Research Institute Molecular Screening Center,Counterscreen for agonists of OPRM1-OPRD1 heterodimerization: luminescence-based cell-based full-deck high throughput screening assay to identify agonists of 5-hydroxytryptamine (serotonin) 5A receptor (HTR5A),"2-(4-Aminophenyl)-1,3-benzothiazole-6-carboxylic acid",HTR5A - 5-hydroxytryptamine receptor 5A (human),/gene/3361,"",P47898,9606,"","","","","","","",""
190343858,"",504725,17504222,3665766,"","","",Confirmatory,20110505,1,0,Inactive,ADQ57959,AC50,"",Broad Institute,C-LANA FP assay Measured in Biochemical System Using Plate Reader - 2117-01_Inhibitor_Dose_CherryPick_Activity,"2-(4-Aminophenyl)-1,3-benzothiazole-6-carboxylic acid",LANA (Human gammaherpesvirus 8),/protein/ADQ57959,"",ADQ57959,37296,"","","","","","","",""
190728267,"",504727,17504222,3665766,"","","",Confirmatory,20110505,1,0,Inactive,ADQ57959,AC50,"",Broad Institute,C-LANA Counter Screen: DNA intercalators Measured in Biochemical System Using Plate Reader - 2117-02_Inhibitor_Dose_CherryPick_Activity_Set2,"2-(4-Aminophenyl)-1,3-benzothiazole-6-carboxylic acid",LANA (Human gammaherpesvirus 8),/protein/ADQ57959,"",ADQ57959,37296,"","","","","","","",""
190929140,"",504720,17504222,3665766,"",947252,"",Screening,20110505,0,0,Inactive,NP_417262,"","",Burnham Center for Chemical Genomics,uHTS identification of MazEF TA System activators  via a fluorescence-based single-stranded RNase assay,"2-(4-Aminophenyl)-1,3-benzothiazole-6-carboxylic acid",mazF - endoribonuclease toxin MazF (Escherichia coli str. K-12 substr. MG1655),/gene/947252,3.1.27.-,P0AE70,511145,"","","","","","","",""
191100660,"",504734,17504222,3665766,"",54106,"",Screening,20110509,0,0,Inactive,BAG55070,"","",The Scripps Research Institute Molecular Screening Center,Fluorescence-based cell-based primary high throughput screening assay to identify inhibitors of TLR9-MyD88 binding.,"2-(4-Aminophenyl)-1,3-benzothiazole-6-carboxylic acid",TLR9 - toll like receptor 9 (human),/gene/54106,"",Q9NR96,9606,"","","","","","","",""
191553486,"",504707,17504222,3665766,"",615074,"",Screening,20110427,0,0,Inactive,NP_001069826,"","",The Scripps Research Institute Molecular Screening Center,Fluorescence polarization-based biochemical primary high throughput screening assay to identify activators of the Protein Kinase A-R1A (PKA-R1A) complex,"2-(4-Aminophenyl)-1,3-benzothiazole-6-carboxylic acid",PRKAR1A - protein kinase cAMP-dependent type I regulatory subunit alpha (domestic cattle),/gene/615074,"",P00514,9913,"","","","","","","",""
191553487,"",504707,17504222,3665766,"",18749,"",Screening,20110427,0,0,Inactive,NP_035230,"","",The Scripps Research Institute Molecular Screening Center,Fluorescence polarization-based biochemical primary high throughput screening assay to identify activators of the Protein Kinase A-R1A (PKA-R1A) complex,"2-(4-Aminophenyl)-1,3-benzothiazole-6-carboxylic acid","Prkacb - protein kinase, cAMP dependent, catalytic, beta (house mouse)",/gene/18749,2.7.11.11,P68181,10090,"","","","","","","",""
192445876,"",504775,17504222,3665766,"",20778,"",Screening,20110525,0,0,Inactive,NP_058021,"","",Broad Institute,HTS using DiI-HDL to assay lipid transfer in ldlA[SR-BI] cells Measured in Cell-Based System Using Plate Reader - 2085-01_Activator_SinglePoint_HTS_Activity,"2-(4-Aminophenyl)-1,3-benzothiazole-6-carboxylic acid","Scarb1 - scavenger receptor class B, member 1 (house mouse)",/gene/20778,"",Q61009,10090,"","","","","","","",""
192504158,"",504766,17504222,3665766,"",190,"",Screening,20110620,0,0,Inactive,NP_000466,"","",The Scripps Research Institute Molecular Screening Center,"Luminescence-based primary cell-based high throughput screening assay to identify inhibitors of the orphan nuclear receptor subfamily 0, group B, member 1 (DAX1; NR0B1)","2-(4-Aminophenyl)-1,3-benzothiazole-6-carboxylic acid",NR0B1 - nuclear receptor subfamily 0 group B member 1 (human),/gene/190,"",P51843,9606,"","","","","","","",""
193397498,"",504810,17504222,3665766,"",7253,20427476,Screening,20110625,0,0,Inactive,AAI27629,"","",National Center for Advancing Translational Sciences (NCATS),Antagonists of the Thyroid Stimulating Hormone Receptor: HTS campaign,"2-(4-Aminophenyl)-1,3-benzothiazole-6-carboxylic acid",TSHR - thyroid stimulating hormone receptor (human),/gene/7253,"",AAI27629,9606,"","","","",10.1210/en.2010-0199,PMC2903937,5173958,"Neumann S, Huang W, Eliseeva E, Titus S, Thomas CJ, Gershengorn MC. A small molecule inverse agonist for the human thyroid-stimulating hormone receptor. Endocrinology. 2010 Jul;151(7):3454–9. PMID: 20427476; PMCID: PMC2903937."
193407220,"",504812,17504222,3665766,"",7253,20427476,Screening,20110627,0,0,Inactive,AAI27629,"","",National Center for Advancing Translational Sciences (NCATS),Inverse Agonists of the Thyroid Stimulating Hormone Receptor: HTS campaign,"2-(4-Aminophenyl)-1,3-benzothiazole-6-carboxylic acid",TSHR - thyroid stimulating hormone receptor (human),/gene/7253,"",AAI27629,9606,"","","","",10.1210/en.2010-0199,PMC2903937,5173958,"Neumann S, Huang W, Eliseeva E, Titus S, Thomas CJ, Gershengorn MC. A small molecule inverse agonist for the human thyroid-stimulating hormone receptor. Endocrinology. 2010 Jul;151(7):3454–9. PMID: 20427476; PMCID: PMC2903937."
193898887,"",504803,17504222,3665766,"","","",Screening,20110608,0,0,Inactive,Q05DJ8,"","",The Scripps Research Institute Molecular Screening Center,Fluorescence polarization-based primary biochemical high throughput screening assay to identify inhibitors of the HTRA serine peptidase 1 (HTRA1),"2-(4-Aminophenyl)-1,3-benzothiazole-6-carboxylic acid",HTRA1 protein  (human),/protein/Q05DJ8,"",Q05DJ8,9606,"","","","","","","",""
194005509,"",504841,17504222,3665766,"","","",Confirmatory,20110623,1,0,Inactive,2WWY_A,Potency,"",National Center for Advancing Translational Sciences (NCATS),Confirmation qHTS Assay for Inhibitors of RecQ-Like Dna Helicase 1 (RECQ1) - Round 2 Cherry Picks,"2-(4-Aminophenyl)-1,3-benzothiazole-6-carboxylic acid","Chain A, ATP-DEPENDENT DNA HELICASE Q1 (human)",/protein/2WWY_A,"",2WWY_A,9606,"","","","","","","",""
194634588,"",504845,17504222,3665766,"",5999,"",Confirmatory,20110623,1,0,Inactive,ABC94591,Potency,"",National Center for Advancing Translational Sciences (NCATS),Inhibitors of Regulator of G Protein Signaling (RGS) 4: qHTS,"2-(4-Aminophenyl)-1,3-benzothiazole-6-carboxylic acid",RGS4 - regulator of G protein signaling 4 (human),/gene/5999,"",P49798,9606,"","","","","","","",""
195266076,"",504832,17504222,3665766,"","","",Confirmatory,20110622,1,0,Inactive,"",Potency,"",National Center for Advancing Translational Sciences (NCATS),"Primary qHTS for delayed death inhibitors of the malarial parasite plastid, 48 hour incubation","2-(4-Aminophenyl)-1,3-benzothiazole-6-carboxylic acid","","","","","","","","","","","","",""
195870149,"",504884,17504222,3665766,"","","",Screening,20111018,0,0,Inactive,CAL20848,"","",Broad Institute,Inhibitors of Y. pestis Topo-I using cleavage product accumulation Measured in Biochemical System Using Plate Reader - 2123-01_Inhibitor_SinglePoint_HTS_Activity,"2-(4-Aminophenyl)-1,3-benzothiazole-6-carboxylic acid",DNA topoisomerase I (Yersinia pestis CO92),/protein/CAL20848,"",CAL20848,214092,"","","","","","","",""
195996757,"",504847,17504222,3665766,"",7421,"",Confirmatory,20110624,1,0,Inactive,NP_001017535,Potency,"",National Center for Advancing Translational Sciences (NCATS),Inhibitors of the vitamin D receptor (VDR): qHTS,"2-(4-Aminophenyl)-1,3-benzothiazole-6-carboxylic acid",VDR - vitamin D receptor (human),/gene/7421,"",P11473,9606,"","","","","","","",""
196421754,"",504891,17504222,3665766,"",5300,"",Confirmatory,20110701,1,0,Inactive,NP_006212,Potency,"",National Center for Advancing Translational Sciences (NCATS),qHTS Assay to Find Inhibitors of Pin1,"2-(4-Aminophenyl)-1,3-benzothiazole-6-carboxylic acid","PIN1 - peptidylprolyl cis/trans isomerase, NIMA-interacting 1 (human)",/gene/5300,5.2.1.8,Q13526,9606,"","","","","","","",""
196795373,"",504894,17504222,3665766,"","","",Confirmatory,20110701,1,0,Inactive,AAA51534,Potency,"",National Center for Advancing Translational Sciences (NCATS),Activators of T cell receptors: qHTS campaign,"2-(4-Aminophenyl)-1,3-benzothiazole-6-carboxylic acid","T cell receptor, partial (human)",/protein/AAA51534,"",AAA51534,9606,128891,"","","","","","",""
197998730,"",504937,17504222,3665766,"",6609,"",Confirmatory,20120530,1,0,Inactive,AAA58377,Potency,"",National Center for Advancing Translational Sciences (NCATS),Inhibitors of Secretory Acid Sphingomyelinase (S-ASM): qHTS,"2-(4-Aminophenyl)-1,3-benzothiazole-6-carboxylic acid",SMPD1 - sphingomyelin phosphodiesterase 1 (human),/gene/6609,"",AAA58377,9606,"","","","","","","",""
199288663,"",540267,17504222,3665766,"","","",Screening,20110718,0,0,Inconclusive,"","","",National Center for Advancing Translational Sciences (NCATS),Small Molecules that selectively kill Giardia lamblia: qHTS,"2-(4-Aminophenyl)-1,3-benzothiazole-6-carboxylic acid","","","","","","","","","","","","",""
199526009,"",540275,17504222,3665766,"",7442,"",Screening,20110720,0,0,Inactive,NP_061197,"","",National Center for Advancing Translational Sciences (NCATS),HTS Assay for Compounds that Act as Agonists of the Vanilloid Receptor 1,"2-(4-Aminophenyl)-1,3-benzothiazole-6-carboxylic acid",TRPV1 - transient receptor potential cation channel subfamily V member 1 (human),/gene/7442,"",Q8NER1,9606,"","","","","","","",""
200149659,"",540277,17504222,3665766,"",7442,"",Screening,20110720,0,0,Inactive,NP_061197,"","",National Center for Advancing Translational Sciences (NCATS),HTS Assay for Compounds that Act as Potentiators of the Vanilloid Receptor 1,"2-(4-Aminophenyl)-1,3-benzothiazole-6-carboxylic acid",TRPV1 - transient receptor potential cation channel subfamily V member 1 (human),/gene/7442,"",Q8NER1,9606,"","","","","","","",""
200557479,"",540295,17504222,3665766,"",4160,"",Screening,20110723,0,0,Inactive,NP_005903,"","",The Scripps Research Institute Molecular Screening Center,TRFRET-based cell-based primary high throughput screening assay to identify biased ligands of the melanocortin 4 receptor (MC4R): antagonists of MC4R,"2-(4-Aminophenyl)-1,3-benzothiazole-6-carboxylic acid",MC4R - melanocortin 4 receptor (human),/gene/4160,"",P32245,9606,"","","","","","","",""
201358285,"",540303,17504222,3665766,"",18793,"",Confirmatory,20110727,1,0,Inactive,NP_035243,Potency,"",National Center for Advancing Translational Sciences (NCATS),qHTS for Inhibitors of Cell Surface uPA Generation,"2-(4-Aminophenyl)-1,3-benzothiazole-6-carboxylic acid","Plaur - plasminogen activator, urokinase receptor (house mouse)",/gene/18793,"",P35456,10090,"","","","","","","",""
201358286,"",540303,17504222,3665766,"",18792,"",Confirmatory,20110727,1,0,Inactive,NP_032899,Potency,"",National Center for Advancing Translational Sciences (NCATS),qHTS for Inhibitors of Cell Surface uPA Generation,"2-(4-Aminophenyl)-1,3-benzothiazole-6-carboxylic acid","Plau - plasminogen activator, urokinase (house mouse)",/gene/18792,3.4.21.73,P06869,10090,"","","","","","","",""
201358287,"",540303,17504222,3665766,"",18815,"",Confirmatory,20110727,1,0,Inactive,NP_032903,Potency,"",National Center for Advancing Translational Sciences (NCATS),qHTS for Inhibitors of Cell Surface uPA Generation,"2-(4-Aminophenyl)-1,3-benzothiazole-6-carboxylic acid",Plg - plasminogen (house mouse),/gene/18815,3.4.21.7,P20918,10090,"","","","","","","",""
202325815,"",540308,17504222,3665766,"",4160,"",Screening,20110727,0,0,Inactive,NP_005903,"","",The Scripps Research Institute Molecular Screening Center,Luminescence-based cell-based primary high throughput screening assay to identify biased ligands of the melanocortin 4 receptor (MC4R): agonists of MC4R,"2-(4-Aminophenyl)-1,3-benzothiazole-6-carboxylic acid",MC4R - melanocortin 4 receptor (human),/gene/4160,"",P32245,9606,"","","","","","","",""
202878706,"",540356,17504222,3665766,"","","",Confirmatory,20110816,1,0,Inactive,"",AC50,"",Broad Institute,"Luminescence assay for the detection of hydrogen peroxide activity in the abscence of ALR and DTT, at dose Measured in Biochemical System Using Plate Reader - 2036-03_Inhibitor_Dose_CherryPick_Activity","2-(4-Aminophenyl)-1,3-benzothiazole-6-carboxylic acid","","","","","","","","","","","","",""
202885392,"",540346,17504222,3665766,"",4286,"",Confirmatory,20110812,1,0,Inactive,AAH65243,AC50,"",Broad Institute,MITF: Counter assay: A375 proliferation Measured in Cell-Based System Using Plate Reader - 2084-03_Inhibitor_Dose_DryPowder_Activity,"2-(4-Aminophenyl)-1,3-benzothiazole-6-carboxylic acid",MITF - melanocyte inducing transcription factor (human),/gene/4286,"",AAH65243,9606,118,"","","","","","",""
203165771,"",588334,17504222,3665766,"","","",Screening,20110825,0,0,Inactive,"","","",Broad Institute,MITF Measured in Cell-Based System Using Plate Reader - 2084-01_Activator_SinglePoint_HTS_Activity,"2-(4-Aminophenyl)-1,3-benzothiazole-6-carboxylic acid","","","","","","","","","","","","",""
203311034,"",540336,17504222,3665766,"",3646682,"",Screening,20110809,0,0,Inactive,XP_711691,"","",Broad Institute,Rtt109/Vps75 Measured in Biochemical System Using Plate Reader - 2106-01_Inhibitor_SinglePoint_HTS_Activity,"2-(4-Aminophenyl)-1,3-benzothiazole-6-carboxylic acid",CAALFM_CR05890CA - uncharacterized protein (Candida albicans SC5314),/gene/3646682,"",XP_711691,237561,"","","","","","","",""
203311035,"",540336,17504222,3665766,"",3639678,"",Screening,20110809,0,0,Inactive,XP_718648,"","",Broad Institute,Rtt109/Vps75 Measured in Biochemical System Using Plate Reader - 2106-01_Inhibitor_SinglePoint_HTS_Activity,"2-(4-Aminophenyl)-1,3-benzothiazole-6-carboxylic acid",RTT109 - H3 histone acetyltransferase (Candida albicans SC5314),/gene/3639678,2.3.1.48,Q5AAJ8,237561,"","","","","","","",""
203422965,"",540364,17504222,3665766,"",2395,"",Screening,20110908,0,0,Inactive,"","","",The Scripps Research Institute Molecular Screening Center,Luminescence-based cell-based primary high throughput screening assay to identify activators of the GAA850 frataxin (FXN) promoter,"2-(4-Aminophenyl)-1,3-benzothiazole-6-carboxylic acid",FXN - frataxin (human),/gene/2395,"","",9606,"","","","","","","",""
204203084,"",540335,17504222,3665766,"","","",Confirmatory,20110809,1,0,Inactive,"",AC50,"",Broad Institute,MITF: Counter assay: A375 proliferation Measured in Cell-Based System Using Plate Reader - 2084-03_Inhibitor_Dose_CherryPick_Activity_Set2,"2-(4-Aminophenyl)-1,3-benzothiazole-6-carboxylic acid","","","","","",118,"","","","","","",""
204435313,"",588335,17504222,3665766,"","","",Screening,20110825,0,0,Active,"","","",The Scripps Research Institute Molecular Screening Center,Counterscreen for inhibitors of the fructose-bisphosphate aldolase (FBA) of M. tuberculosis: Absorbance-based biochemical high throughput Glycerophosphate Dehydrogenase-Triosephosphate Isomerase (GDH-TPI) full deck assay to identify assay artifacts,"2-(4-Aminophenyl)-1,3-benzothiazole-6-carboxylic acid","","","","","","","","","","","","",""
205422125,"",588352,17504222,3665766,"",8202,"",Screening,20111031,0,0,Inactive,NP_858045,"","",The Scripps Research Institute Molecular Screening Center,Luminescence-based cell-based primary high throughput screening assay to identify inhibitors of the Steroid Receptor Coactivator 3 (SRC3; NCOA3),"2-(4-Aminophenyl)-1,3-benzothiazole-6-carboxylic acid",NCOA3 - nuclear receptor coactivator 3 (human),/gene/8202,2.3.1.48,Q9Y6Q9,9606,"","","","","","","",""
205605430,"",588354,17504222,3665766,"",8648,"",Screening,20110913,0,0,Inactive,NP_003734,"","",The Scripps Research Institute Molecular Screening Center,Luminescence-based cell-based primary high throughput screening assay to identify inhibitors of the Steroid Receptor Coactivator 1 (SRC1; NCOA1),"2-(4-Aminophenyl)-1,3-benzothiazole-6-carboxylic acid",NCOA1 - nuclear receptor coactivator 1 (human),/gene/8648,2.3.1.48,Q15788,9606,"","","","","","","",""
206132449,"",588391,17504222,3665766,"",5034,"",Screening,20110921,0,0,Inactive,AAH10859,"","",Broad Institute,Turbidometric Biochemical  Primary HTS  to identify inhibitors of Protein Disulfide Isomerase Measured in Biochemical System Using Plate Reader - 2137-01_Inhibitor_SinglePoint_HTS_Activity,"2-(4-Aminophenyl)-1,3-benzothiazole-6-carboxylic acid",P4HB - prolyl 4-hydroxylase subunit beta (human),/gene/5034,"",P07237,9606,"","","","","","","",""
206304697,"",588358,17504222,3665766,"","","",Screening,20110922,0,0,Inactive,"","","",NMMLSC,HTS to Find Inhibitors of Pathogenic Pemphigus Antibodies,"2-(4-Aminophenyl)-1,3-benzothiazole-6-carboxylic acid","","","","","","","","","","","","",""
206782198,"",588405,17504222,3665766,"",171071,"",Screening,20110923,0,0,Active,NP_598230,"","",Burnham Center for Chemical Genomics,HTS Assay for Peg3 Promoter Inhibitors,"2-(4-Aminophenyl)-1,3-benzothiazole-6-carboxylic acid","Ppp1r15a - protein phosphatase 1, regulatory subunit 15A (Norway rat)",/gene/171071,"",Q6IN02,10116,"","","","","","","",""
207169099,"",588436,17504222,3665766,"","","",Screening,20111004,0,0,Inactive,"","","",Broad Institute,"Cholera Quorum: HTS for inducers of light production in the absence ofautoinducers using BH1578 (luxS deficient, cqsA deficient) Measured in Microorganism System Using Plate Reader - 2132-01_Agonist_SinglePoint_HTS_Activity","2-(4-Aminophenyl)-1,3-benzothiazole-6-carboxylic acid","","","","","","","","","","","","",""
207319429,"",588413,17504222,3665766,"",14632,"",Screening,20120312,0,0,Inactive,BAA85004,"","",Burnham Center for Chemical Genomics,uHTS identification of Gli-Sufu Antagonists in a luminescence reporter assay,"2-(4-Aminophenyl)-1,3-benzothiazole-6-carboxylic acid",Gli1 - GLI-Kruppel family member GLI1 (house mouse),/gene/14632,"",BAA85004,10090,"","","","","","","",""
208497229,"",588458,17504222,3665766,"",1786,"",Screening,20111006,0,0,Inactive,NP_001370,"","",Burnham Center for Chemical Genomics,uHTS identification of DNMT1 inhibitors in a Fluorescent Molecular Beacon assay,"2-(4-Aminophenyl)-1,3-benzothiazole-6-carboxylic acid",DNMT1 - DNA methyltransferase 1 (human),/gene/1786,2.1.1.37,P26358,9606,"","","","","","","",""
208902412,"",588473,17504222,3665766,"",1395,"",Screening,20111008,0,0,Inactive,AAR18078,"","",Burnham Center for Chemical Genomics,uHTS identification of agonists of the CRF-binding protein and CRF-R2 receptor complex,"2-(4-Aminophenyl)-1,3-benzothiazole-6-carboxylic acid",CRHR2 - corticotropin releasing hormone receptor 2 (human),/gene/1395,"",Q13324,9606,"","","","","","","",""
208902413,"",588473,17504222,3665766,"",1393,"",Screening,20111008,0,0,Inactive,CAA41086,"","",Burnham Center for Chemical Genomics,uHTS identification of agonists of the CRF-binding protein and CRF-R2 receptor complex,"2-(4-Aminophenyl)-1,3-benzothiazole-6-carboxylic acid",CRHBP - corticotropin releasing hormone binding protein (human),/gene/1393,"",CAA41086,9606,"","","","","","","",""
209693289,"",588475,17504222,3665766,"",1395,"",Screening,20120103,0,0,Inactive,AAR18078,"","",Burnham Center for Chemical Genomics,uHTS identification of antagonists of the CRF-binding protein and CRF-R2 receptor complex,"2-(4-Aminophenyl)-1,3-benzothiazole-6-carboxylic acid",CRHR2 - corticotropin releasing hormone receptor 2 (human),/gene/1395,"",Q13324,9606,"","","","","","","",""
209693290,"",588475,17504222,3665766,"",1393,"",Screening,20120103,0,0,Inactive,CAA41086,"","",Burnham Center for Chemical Genomics,uHTS identification of antagonists of the CRF-binding protein and CRF-R2 receptor complex,"2-(4-Aminophenyl)-1,3-benzothiazole-6-carboxylic acid",CRHBP - corticotropin releasing hormone binding protein (human),/gene/1393,"",CAA41086,9606,"","","","","","","",""
210350086,"",588478,125047138,3665766,"",51377,"",Other,20161018,0,0,Inactive,AAD31528,"","","ICCB-Longwood Screening Facility, Harvard Medical School","A screen for small molecule inhibitors of the human deubiquitinating enzyme, UCH37","2-(4-Aminophenyl)-1,3-benzothiazole-6-carboxylic acid",UCHL5 - ubiquitin C-terminal hydrolase L5 (human),/gene/51377,"",Q9Y5K5,9606,"","","","","","","",""
210566176,"",588489,17504222,3665766,"",26986,"",Screening,20111011,0,0,Inactive,NP_002559,"","",Burnham Center for Chemical Genomics,uHTS identification of microRNA-mediated mRNA deadenylation inhibitors by fluoresence polarization assay,"2-(4-Aminophenyl)-1,3-benzothiazole-6-carboxylic acid",PABPC1 - poly(A) binding protein cytoplasmic 1 (human),/gene/26986,"",P11940,9606,"","","","","","","",""
211056706,"",588492,17504222,3665766,"","","",Screening,20111012,0,0,Inactive,"","","",Burnham Center for Chemical Genomics,uHTS identification of small molecule modulators of myocardial damage,"2-(4-Aminophenyl)-1,3-benzothiazole-6-carboxylic acid","","","","","","","","","","","","",""
211252668,"",588493,17504222,3665766,"",10213,"",Screening,20120225,0,0,Inactive,AAH09524,"","",Burnham Center for Chemical Genomics,uHTS identification of inhibitors of Rpn11 in a Fluorescent Polarization assay,"2-(4-Aminophenyl)-1,3-benzothiazole-6-carboxylic acid","PSMD14 - proteasome 26S subunit, non-ATPase 14 (human)",/gene/10213,"",AAH09524,9606,"","","","","","","",""
211775432,"",588501,17504222,3665766,"","",16604538,Screening,20111013,0,0,Inactive,NP_652928,"","",NMMLSC,"High-throughput multiplex microsphere screening for inhibitors of toxin protease, specifically Lethal Factor Protease, MLPCN compound set","2-(4-Aminophenyl)-1,3-benzothiazole-6-carboxylic acid",lethal factor (plasmid) (Bacillus anthracis str. A2012),/protein/NP_652928,"",NP_652928,191218,"","","","",10.1002/cyto.a.20268,"",30842689,"Saunders MJ, Kim H, Woods TA, Nolan JP, Sklar LA, Edwards BS, Graves SW. Microsphere-based protease assays and screening application for lethal factor and factor Xa. Cytometry Pt A. 2006 Apr 18;69A(5):342–52. doi: 10.1002/cyto.a.20268."
211775433,"",588501,17504222,3665766,"","",20035615,Screening,20111013,0,0,Inactive,NP_652928,"","",NMMLSC,"High-throughput multiplex microsphere screening for inhibitors of toxin protease, specifically Lethal Factor Protease, MLPCN compound set","2-(4-Aminophenyl)-1,3-benzothiazole-6-carboxylic acid",lethal factor (plasmid) (Bacillus anthracis str. A2012),/protein/NP_652928,"",NP_652928,191218,"","","","",10.1089/adt.2009.0219,PMC3096553,32232618,"Saunders MJ, Graves SW, Sklar LA, Oprea TI, Edwards BS. High-Throughput Multiplex Flow Cytometry Screening for Botulinum Neurotoxin Type A Light Chain Protease Inhibitors. ASSAY and Drug Development Technologies. 2010 Feb;8(1):37–46. doi: 10.1089/adt.2009.0219."
211775434,"",588501,17504222,3665766,"","",20938917,Screening,20111013,0,0,Inactive,NP_652928,"","",NMMLSC,"High-throughput multiplex microsphere screening for inhibitors of toxin protease, specifically Lethal Factor Protease, MLPCN compound set","2-(4-Aminophenyl)-1,3-benzothiazole-6-carboxylic acid",lethal factor (plasmid) (Bacillus anthracis str. A2012),/protein/NP_652928,"",NP_652928,191218,"","","","",10.1002/0471142956.cy1312s54,PMC4486899,18756536,"Saunders MJ, Edwards BS, Zhu J, Sklar LA, Graves SW. Microsphere-based flow cytometry protease assays for use in protease activity detection and high-throughput screening. Curr Protoc Cytom. 2010 Oct;Chapter 13():Unit 13.12.1–17. PMID: 20938917; PMCID: PMC4486899."
213273254,"",588497,17504222,3665766,"","",16604538,Screening,20111013,0,0,Inactive,ZP_02619427,"","",NMMLSC,"High-throughput multiplex microsphere screening for inhibitors of toxin protease, specifically Botulinum neurotoxin light chain F protease, MLPCN compound set","2-(4-Aminophenyl)-1,3-benzothiazole-6-carboxylic acid","botulinum neurotoxin type F, BoNT/F (Clostridium botulinum Bf)",/protein/ZP_02619427,"",EDT84149,445336,"","","","",10.1002/cyto.a.20268,"",30842689,"Saunders MJ, Kim H, Woods TA, Nolan JP, Sklar LA, Edwards BS, Graves SW. Microsphere-based protease assays and screening application for lethal factor and factor Xa. Cytometry Pt A. 2006 Apr 18;69A(5):342–52. doi: 10.1002/cyto.a.20268."
213273255,"",588497,17504222,3665766,"","",20035615,Screening,20111013,0,0,Inactive,ZP_02619427,"","",NMMLSC,"High-throughput multiplex microsphere screening for inhibitors of toxin protease, specifically Botulinum neurotoxin light chain F protease, MLPCN compound set","2-(4-Aminophenyl)-1,3-benzothiazole-6-carboxylic acid","botulinum neurotoxin type F, BoNT/F (Clostridium botulinum Bf)",/protein/ZP_02619427,"",EDT84149,445336,"","","","",10.1089/adt.2009.0219,PMC3096553,32232618,"Saunders MJ, Graves SW, Sklar LA, Oprea TI, Edwards BS. High-Throughput Multiplex Flow Cytometry Screening for Botulinum Neurotoxin Type A Light Chain Protease Inhibitors. ASSAY and Drug Development Technologies. 2010 Feb;8(1):37–46. doi: 10.1089/adt.2009.0219."
213273256,"",588497,17504222,3665766,"","",20938917,Screening,20111013,0,0,Inactive,ZP_02619427,"","",NMMLSC,"High-throughput multiplex microsphere screening for inhibitors of toxin protease, specifically Botulinum neurotoxin light chain F protease, MLPCN compound set","2-(4-Aminophenyl)-1,3-benzothiazole-6-carboxylic acid","botulinum neurotoxin type F, BoNT/F (Clostridium botulinum Bf)",/protein/ZP_02619427,"",EDT84149,445336,"","","","",10.1002/0471142956.cy1312s54,PMC4486899,18756536,"Saunders MJ, Edwards BS, Zhu J, Sklar LA, Graves SW. Microsphere-based flow cytometry protease assays for use in protease activity detection and high-throughput screening. Curr Protoc Cytom. 2010 Oct;Chapter 13():Unit 13.12.1–17. PMID: 20938917; PMCID: PMC4486899."
213906056,"",588499,17504222,3665766,"","",16604538,Screening,20111114,0,0,Inactive,YP_001253342,"","",NMMLSC,"High-throughput multiplex microsphere screening for inhibitors of toxin protease, specifically Botulinum neurotoxin light chain A protease, MLPCN compound set","2-(4-Aminophenyl)-1,3-benzothiazole-6-carboxylic acid",botulinum neurotoxin type A (Clostridium botulinum A str. ATCC 3502),/protein/YP_001253342,3.4.24.69,P0DPI1,413999,"","","","",10.1002/cyto.a.20268,"",30842689,"Saunders MJ, Kim H, Woods TA, Nolan JP, Sklar LA, Edwards BS, Graves SW. Microsphere-based protease assays and screening application for lethal factor and factor Xa. Cytometry Pt A. 2006 Apr 18;69A(5):342–52. doi: 10.1002/cyto.a.20268."
213906057,"",588499,17504222,3665766,"","",20035615,Screening,20111114,0,0,Inactive,YP_001253342,"","",NMMLSC,"High-throughput multiplex microsphere screening for inhibitors of toxin protease, specifically Botulinum neurotoxin light chain A protease, MLPCN compound set","2-(4-Aminophenyl)-1,3-benzothiazole-6-carboxylic acid",botulinum neurotoxin type A (Clostridium botulinum A str. ATCC 3502),/protein/YP_001253342,3.4.24.69,P0DPI1,413999,"","","","",10.1089/adt.2009.0219,PMC3096553,32232618,"Saunders MJ, Graves SW, Sklar LA, Oprea TI, Edwards BS. High-Throughput Multiplex Flow Cytometry Screening for Botulinum Neurotoxin Type A Light Chain Protease Inhibitors. ASSAY and Drug Development Technologies. 2010 Feb;8(1):37–46. doi: 10.1089/adt.2009.0219."
213906058,"",588499,17504222,3665766,"","",20938917,Screening,20111114,0,0,Inactive,YP_001253342,"","",NMMLSC,"High-throughput multiplex microsphere screening for inhibitors of toxin protease, specifically Botulinum neurotoxin light chain A protease, MLPCN compound set","2-(4-Aminophenyl)-1,3-benzothiazole-6-carboxylic acid",botulinum neurotoxin type A (Clostridium botulinum A str. ATCC 3502),/protein/YP_001253342,3.4.24.69,P0DPI1,413999,"","","","",10.1002/0471142956.cy1312s54,PMC4486899,18756536,"Saunders MJ, Edwards BS, Zhu J, Sklar LA, Graves SW. Microsphere-based flow cytometry protease assays for use in protease activity detection and high-throughput screening. Curr Protoc Cytom. 2010 Oct;Chapter 13():Unit 13.12.1–17. PMID: 20938917; PMCID: PMC4486899."
215073148,"",588549,17504222,3665766,"","","",Screening,20111018,0,0,Inactive,CAB06100,"","",Broad Institute,Fluorescence polarization to screen for inhibitor that competite the binding of FadD28 to bisubstrate Measured in Biochemical System Using Plate Reader - 2147-01_Inhibitor_SinglePoint_HTS_Activity,"2-(4-Aminophenyl)-1,3-benzothiazole-6-carboxylic acid",FATTY-ACID-CoA LIGASE FADD28 (FATTY-ACID-CoA SYNTHETASE) (FATTY-ACID-CoA SYNTHASE) (Mycobacterium tuberculosis H37Rv),/protein/CAB06100,"",P9WQ59,83332,"","","","","","","",""
215370516,"",588579,17504222,3665766,"",51426,"",Confirmatory,20111020,1,0,Inactive,NP_057302,Potency,"",National Center for Advancing Translational Sciences (NCATS),qHTS for Inhibitors of Polymerase Kappa,"2-(4-Aminophenyl)-1,3-benzothiazole-6-carboxylic acid",POLK - DNA polymerase kappa (human),/gene/51426,2.7.7.7,Q9UBT6,9606,"","","","","","","",""
215799106,"",588511,17504222,3665766,"",101772,"",Screening,20130327,0,0,Inactive,NP_848757,"","",Johns Hopkins Ion Channel Center,Primary cell-based high-throughput screening for identification of compounds that inhibit/block calcium-activated chloride channels (TMEM16A),"2-(4-Aminophenyl)-1,3-benzothiazole-6-carboxylic acid","Ano1 - anoctamin 1, calcium activated chloride channel (house mouse)",/gene/101772,"",Q8BHY3,10090,"","","","","","","",""
216282618,"",588621,17504222,3665766,"",84867,"",Screening,20111024,0,0,Inactive,NP_008837,"","",Burnham Center for Chemical Genomics,uHTS identification of small molecule inhibitors of Striatal-Enriched Phosphatase via a fluorescence intensity assay,"2-(4-Aminophenyl)-1,3-benzothiazole-6-carboxylic acid",PTPN5 - protein tyrosine phosphatase non-receptor type 5 (human),/gene/84867,3.1.3.48,P54829,9606,"","","","","","","",""
216461894,"",588590,17504222,3665766,"",11201,"",Confirmatory,20111020,1,0,Inactive,NP_009126,Potency,"",National Center for Advancing Translational Sciences (NCATS),qHTS for Inhibitors of Polymerase Iota,"2-(4-Aminophenyl)-1,3-benzothiazole-6-carboxylic acid",POLI - DNA polymerase iota (human),/gene/11201,2.7.7.7,Q9UNA4,9606,"","","","","","","",""
217311041,"",588627,17504222,3665766,"",259249,"",Screening,20111024,0,0,Inactive,ACG60652,"","",Johns Hopkins Ion Channel Center,Primary cell-based high-throughput screening for identification of compounds that activate MrgX1 receptor signaling,"2-(4-Aminophenyl)-1,3-benzothiazole-6-carboxylic acid",MRGPRX1 - MAS related GPR family member X1 (human),/gene/259249,"",ACG60652,9606,"","","","","","","",""
217703050,"",588664,17504222,3665766,"",9610,"",Screening,20111025,0,0,Inactive,NP_004283,"","",The Scripps Research Institute Molecular Screening Center,"TRFRET-based biochemical primary high throughput screening assay to identify inhibitors of the interaction of the Ras and Rab interactor 1 protein (Rin1) and the c-abl oncogene 1, non-receptor tyrosine kinase (Abl)","2-(4-Aminophenyl)-1,3-benzothiazole-6-carboxylic acid",RIN1 - Ras and Rab interactor 1 (human),/gene/9610,"",Q13671,9606,"","","","","","","",""
217703051,"",588664,17504222,3665766,"",25,"",Screening,20111025,0,0,Inactive,NP_005148,"","",The Scripps Research Institute Molecular Screening Center,"TRFRET-based biochemical primary high throughput screening assay to identify inhibitors of the interaction of the Ras and Rab interactor 1 protein (Rin1) and the c-abl oncogene 1, non-receptor tyrosine kinase (Abl)","2-(4-Aminophenyl)-1,3-benzothiazole-6-carboxylic acid","ABL1 - ABL proto-oncogene 1, non-receptor tyrosine kinase (human)",/gene/25,2.7.10.2,P00519,9606,"","","","","","","",""
218323310,"",588674,17504222,3665766,"","","",Screening,20140317,0,0,Inactive,"","","",Broad Institute,Schnurri-3 Inhibitors: specific inducers of adult bone formation Measured in Cell-Based System Using Plate Reader - 2134-01_Inhibitor_SinglePoint_HTS_Activity_Set2,"2-(4-Aminophenyl)-1,3-benzothiazole-6-carboxylic acid","","","","","","","","","","","","",""
218803920,"",588689,17504222,3665766,"","","",Confirmatory,20111026,0,0,Inactive,3EVG_A,IC50,"",Southern Research Specialized Biocontainment Screening Center,Primary and Confirmatory Screening for Flavivirus Genomic Capping Enzyme Inhibition,"2-(4-Aminophenyl)-1,3-benzothiazole-6-carboxylic acid","Chain A, RNA-directed RNA polymerase NS5 (Dengue virus 2 16681-PDK53)",/protein/3EVG_A,"",3EVG_A,31635,"","","","","","","",""
218907210,"",588675,17504222,3665766,"",259249,"",Screening,20111025,0,0,Inactive,ACG60652,"","",Johns Hopkins Ion Channel Center,Primary cell-based high-throughput screening for identification of compounds that allosterically activate MrgX1 receptor signaling,"2-(4-Aminophenyl)-1,3-benzothiazole-6-carboxylic acid",MRGPRX1 - MAS related GPR family member X1 (human),/gene/259249,"",ACG60652,9606,"","","","","","","",""
219295349,"",588676,17504222,3665766,"",259249,"",Screening,20111025,0,0,Inactive,ACG60652,"","",Johns Hopkins Ion Channel Center,Primary cell-based high-throughput screening for identification of compounds that antagonize MrgX1 receptor signaling,"2-(4-Aminophenyl)-1,3-benzothiazole-6-carboxylic acid",MRGPRX1 - MAS related GPR family member X1 (human),/gene/259249,"",ACG60652,9606,"","","","","","","",""
219640541,"",588692,17504222,3665766,"","","",Screening,20111128,0,0,Inactive,"","","",Broad Institute,Luciferase Reporter Cell Based HTS to identify inhibitors of N-linked Glycosylation Measured in Cell-Based System Using Plate Reader - 2146-01_Inhibitor_SinglePoint_HTS_Activity_Set2,"2-(4-Aminophenyl)-1,3-benzothiazole-6-carboxylic acid","","","","","","","","","","","","",""
219902964,"",588792,17504222,3665766,"",8202,"",Screening,20111115,0,0,Inactive,NP_858045,"","",The Scripps Research Institute Molecular Screening Center,Luminescence-based cell-based high throughput confirmation assay for inhibitors of the Steroid Receptor Coactivator 3 (SRC3; NCOA3),"2-(4-Aminophenyl)-1,3-benzothiazole-6-carboxylic acid",NCOA3 - nuclear receptor coactivator 3 (human),/gene/8202,2.3.1.48,Q9Y6Q9,9606,"","","","","","","",""
220281042,"",588795,17504222,3665766,"",2237,"",Confirmatory,20111116,1,0,Inactive,NP_004102,Potency,"",National Center for Advancing Translational Sciences (NCATS),qHTS Assay for the Inhibitors of Human Flap endonuclease 1 (FEN1).,"2-(4-Aminophenyl)-1,3-benzothiazole-6-carboxylic acid",FEN1 - flap structure-specific endonuclease 1 (human),/gene/2237,3.1.-.-,P39748,9606,"","","","","","","",""
220360108,"",588727,17504222,3665766,"","","",Confirmatory,20111030,0,0,Inactive,"",IC50,"",Southern Research Specialized Biocontainment Screening Center,"A Cell-Based Confirmatory Screen for Compounds that Inhibit VEEV, TC-83","2-(4-Aminophenyl)-1,3-benzothiazole-6-carboxylic acid","","","","","",50,"","","","","","",""
220651018,"",588794,17504222,3665766,"","","",Screening,20111116,0,0,Inactive,NP_044650,"","",The Scripps Research Institute Molecular Screening Center,Counterscreen for inhibitors of the Steroid Receptor Coactivator 3 (SRC3; NCOA3): Luminescence-based cell-based high throughput assay to identify inhibitors of the Herpes Virus Virion Protein 16 (VP16),"2-(4-Aminophenyl)-1,3-benzothiazole-6-carboxylic acid",transactivating tegument protein VP16 [Human herpesvirus 1] (Herpes simplex virus type 1),/protein/NP_044650,"",NP_044650,10298,"","","","","","","",""
220765823,"",588726,17504222,3665766,"",886474,"",Screening,20120802,0,0,Active,NP_214877,"","",The Scripps Research Institute Molecular Screening Center,Fluorescence-based biochemical primary high throughput screening assay to identify inhibitors of the fructose-bisphosphate aldolase (FBA) of M. tuberculosis,"2-(4-Aminophenyl)-1,3-benzothiazole-6-carboxylic acid",fba - fructose-bisphosphate aldolase (Mycobacterium tuberculosis H37Rv),/gene/886474,4.1.2.13,P9WQA3,83332,"","","","","","","",""
221284711,"",588850,17504222,3665766,"",1080,"",Screening,20111205,0,0,Inactive,NP_000483,"","",Burnham Center for Chemical Genomics,uHTS identification of cystic fibrosis induced NFkb Inhibitors in a fluoresence assay,"2-(4-Aminophenyl)-1,3-benzothiazole-6-carboxylic acid",CFTR - CF transmembrane conductance regulator (human),/gene/1080,5.6.1.6,P13569,9606,"","","","","","","",""
221634728,"",588819,17504222,3665766,"",1128,"",Screening,20120509,0,0,Inactive,NP_000729,"","",The Scripps Research Institute Molecular Screening Center,Fluorescence-based cell-based primary high throughput screening assay to identify positive allosteric modulators (PAMs) of the human M1 muscarinic receptor (CHRM1).,"2-(4-Aminophenyl)-1,3-benzothiazole-6-carboxylic acid",CHRM1 - cholinergic receptor muscarinic 1 (human),/gene/1128,"",P11229,9606,"","","","","","","",""
221637581,"",588814,17504222,3665766,"",1128,"",Screening,20120509,0,0,Inactive,NP_000729,"","",The Scripps Research Institute Molecular Screening Center,"Fluorescence-based cell-based primary high throughput screening assay to identify agonists of the human cholinergic receptor, muscarinic 1 (CHRM1)","2-(4-Aminophenyl)-1,3-benzothiazole-6-carboxylic acid",CHRM1 - cholinergic receptor muscarinic 1 (human),/gene/1128,"",P11229,9606,"","","","","","","",""
222398761,"",588855,17504222,3665766,"",4088,"",Confirmatory,20111206,1,0,Inactive,AAL68976,Potency,"",National Center for Advancing Translational Sciences (NCATS),qHTS for Inhibitors of TGF-b,"2-(4-Aminophenyl)-1,3-benzothiazole-6-carboxylic acid",SMAD3 - SMAD family member 3 (human),/gene/4088,"",P84022,9606,"","","","","","","",""
222696186,"",588856,17504222,3665766,"","","",Confirmatory,20111207,1,0,Inactive,"",Potency,"",National Center for Advancing Translational Sciences (NCATS),qHTS for Inhibitors of TGF-b: Cytotox Counterscreen,"2-(4-Aminophenyl)-1,3-benzothiazole-6-carboxylic acid","","","","","",27,"","","","","","",""
223081670,"",588852,17504222,3665766,"",1128,"",Screening,20120509,0,0,Inactive,NP_000729,"","",The Scripps Research Institute Molecular Screening Center,Fluorescence-based cell-based primary high throughput screening assay to identify antagonists of the human M1 muscarinic receptor (CHRM1),"2-(4-Aminophenyl)-1,3-benzothiazole-6-carboxylic acid",CHRM1 - cholinergic receptor muscarinic 1 (human),/gene/1128,"",P11229,9606,"","","","","","","",""
223600504,"",602123,17504222,3665766,"",945085,"",Screening,20111210,0,0,Inactive,NP_414973,"","",The Scripps Research Institute Molecular Screening Center,Fluorescence polarization-based primary biochemical high throughput screening assay to identify inhibitors of Escherichia coli DNA-binding ATP-dependent protease La (eLon),"2-(4-Aminophenyl)-1,3-benzothiazole-6-carboxylic acid",lon - Lon protease (Escherichia coli str. K-12 substr. MG1655),/gene/945085,3.4.21.53,P0A9M0,511145,"","","","","","","",""
223650461,"",602162,17504222,3665766,"",10058,"",Screening,20111228,0,0,Inactive,NP_005680,"","",NMMLSC,Flow Cytometric HTS Screen for inhibitors of the ABC transporter ABCB6 for MLPCN Compound Set,"2-(4-Aminophenyl)-1,3-benzothiazole-6-carboxylic acid",ABCB6 - ATP binding cassette subfamily B member 6 (LAN blood group) (human),/gene/10058,7.6.2.5,Q9NP58,9606,"","","","","","","",""
223705583,"",602141,17504222,3665766,"","","",Screening,20111212,0,0,Inactive,"","","",Burnham Center for Chemical Genomics,uHTS determination of small molecule cytotoxicity in a fluorescence assay to identify cystic fibrosis induced NFkb Inhibitors,"2-(4-Aminophenyl)-1,3-benzothiazole-6-carboxylic acid","","","","","","","","","","","","",""
224711161,"",602163,17504222,3665766,"",281312,"",Screening,20120103,0,0,Inactive,AAI02981,"","",The Scripps Research Institute Molecular Screening Center,Absorbance-based biochemical primary high throughput screening assay to identify activators of Methionine sulfoxide reductase A (MsrA),"2-(4-Aminophenyl)-1,3-benzothiazole-6-carboxylic acid",MSRA - methionine sulfoxide reductase A (domestic cattle),/gene/281312,"",P54149,9913,"","","","","","","",""
224925886,"",602229,17504222,3665766,"",10002,"",Screening,20120126,0,0,Inactive,BAH02301,"","",The Scripps Research Institute Molecular Screening Center,"Luminescence-based cell-based high throughput primary screening assay to identify agonists of nuclear receptor subfamily 2, group E, member 3 (NR2E3)","2-(4-Aminophenyl)-1,3-benzothiazole-6-carboxylic acid",NR2E3 - nuclear receptor subfamily 2 group E member 3 (human),/gene/10002,"",Q9Y5X4,9606,"","","","","","","",""
225410190,"",602179,17504222,3665766,"",3417,"",Confirmatory,20120405,1,0,Inactive,ABD77215,Potency,"",National Center for Advancing Translational Sciences (NCATS),qHTS for Inhibitors of mutant isocitrate dehydrogenase 1 (IDH1): qHTS,"2-(4-Aminophenyl)-1,3-benzothiazole-6-carboxylic acid",IDH1 - isocitrate dehydrogenase (NADP(+)) 1 (human),/gene/3417,"",ABD77215,9606,"","","","","","","",""
226187896,"",602244,17504222,3665766,"",10663,"",Screening,20120313,0,0,Inactive,NP_006555,"","",Burnham Center for Chemical Genomics,uHTS identification of CXCR6 Inhibitors in a B-arrestin luminescence assay,"2-(4-Aminophenyl)-1,3-benzothiazole-6-carboxylic acid",CXCR6 - C-X-C motif chemokine receptor 6 (human),/gene/10663,"",O00574,9606,"","","","","","","",""
226550133,"",602247,17504222,3665766,"","","",Screening,20120509,0,0,Inactive,"","","",The Scripps Research Institute Molecular Screening Center,Full deck counterscreen for positive allosteric modulators (PAMs) of the human M1 muscarinic receptor (CHRM1): Fluorescence-based cell-based high throughput screening assay to identify nonselective activators and assay artifacts using the parental CHOK1 c,"2-(4-Aminophenyl)-1,3-benzothiazole-6-carboxylic acid","","","","","","","","","","","","",""
226984258,"",602252,17504222,3665766,"",57120,"",Screening,20120210,0,0,Inactive,NP_001017408,"","",Broad Institute,Fluorescence Polarization with CAL-PDZ Measured in Biochemical System Using Plate Reader - 2109-02_Inhibitor_SinglePoint_HTS_Activity,"2-(4-Aminophenyl)-1,3-benzothiazole-6-carboxylic acid",GOPC - golgi associated PDZ and coiled-coil motif containing (human),/gene/57120,"",Q9HD26,9606,"","","","","","","",""
226984259,"",602252,17504222,3665766,"",1080,"",Screening,20120210,0,0,Inactive,NP_000483,"","",Broad Institute,Fluorescence Polarization with CAL-PDZ Measured in Biochemical System Using Plate Reader - 2109-02_Inhibitor_SinglePoint_HTS_Activity,"2-(4-Aminophenyl)-1,3-benzothiazole-6-carboxylic acid",CFTR - CF transmembrane conductance regulator (human),/gene/1080,5.6.1.6,P13569,9606,"","","","","","","",""
227527455,"",602250,17504222,3665766,"","","",Screening,20120509,0,0,Inactive,"","","",The Scripps Research Institute Molecular Screening Center,Full deck counterscreen for antagonists of the human M1 muscarinic receptor (CHRM1): Fluorescence-based cell-based high throughput screening assay to identify nonselective inhibitors and assay artifacts using the parental CHOK1 cell line,"2-(4-Aminophenyl)-1,3-benzothiazole-6-carboxylic acid","","","","","","","","","","","","",""
227868761,"",602248,17504222,3665766,"","","",Screening,20120509,0,0,Inactive,"","","",The Scripps Research Institute Molecular Screening Center,Full deck counterscreen for agonists of the human M1 muscarinic receptor (CHRM1): Fluorescence-based cell-based high throughput screening assay to identify nonselective activators and assay artifacts using the parental CHOK1 cell line,"2-(4-Aminophenyl)-1,3-benzothiazole-6-carboxylic acid","","","","","","","","","","","","",""
228207126,"",602261,17504222,3665766,"",2194,"",Screening,20120216,0,0,Inactive,NP_004095,"","",Burnham Center for Chemical Genomics,uHTS identification of small molecule inhibitors of  the thioesterase domain of fatty acid synthase via a fluorescence intensity assay,"2-(4-Aminophenyl)-1,3-benzothiazole-6-carboxylic acid",FASN - fatty acid synthase (human),/gene/2194,1.1.1.100|1.3.1.39|2.3.1.38|2.3.1.39|2.3.1.41|2.3.1.85|3.1.2.14|4.2.1.59,P49327,9606,"","","","","","","",""
228617663,"",602274,17504222,3665766,"","","",Screening,20120313,0,0,Inactive,"","","",Burnham Center for Chemical Genomics,uHTS luminescent assay for identification of compounds that enhance the survival of human induced pluripotent stem cells when cultured as single cells,"2-(4-Aminophenyl)-1,3-benzothiazole-6-carboxylic acid","","","","","","","","","","","","",""
229073564,"",602281,17504222,3665766,"",51099,"",Screening,20120229,0,0,Inactive,NP_057090,"","",The Scripps Research Institute Molecular Screening Center,"Luminescence-based biochemical primary high throughput screening assay to identify inhibitors of the interaction of the lipase co-activator protein, abhydrolase domain containing 5 (ABHD5) with perilipin-5 (MLDP; PLIN5)","2-(4-Aminophenyl)-1,3-benzothiazole-6-carboxylic acid","ABHD5 - abhydrolase domain containing 5, lysophosphatidic acid acyltransferase (human)",/gene/51099,2.3.1.51,Q8WTS1,9606,"","","","","","","",""
229073565,"",602281,17504222,3665766,"",440503,"",Screening,20120229,0,0,Inactive,NP_001013728,"","",The Scripps Research Institute Molecular Screening Center,"Luminescence-based biochemical primary high throughput screening assay to identify inhibitors of the interaction of the lipase co-activator protein, abhydrolase domain containing 5 (ABHD5) with perilipin-5 (MLDP; PLIN5)","2-(4-Aminophenyl)-1,3-benzothiazole-6-carboxylic acid",PLIN5 - perilipin 5 (human),/gene/440503,"",Q00G26,9606,"","","","","","","",""
230003315,"",602313,17504222,3665766,"",200316,"",Confirmatory,20120308,1,0,Inactive,NP_660341,Potency,"",National Center for Advancing Translational Sciences (NCATS),qHTS for Inhibitors of Vif-A3F Interactions: qHTS,"2-(4-Aminophenyl)-1,3-benzothiazole-6-carboxylic acid",APOBEC3F - apolipoprotein B mRNA editing enzyme catalytic subunit 3F (human),/gene/200316,3.5.4.38,Q8IUX4,9606,"","","","","","","",""
230476381,"",602310,17504222,3665766,"",60489,"",Confirmatory,20121127,1,0,Inactive,NP_068594,Potency,"",National Center for Advancing Translational Sciences (NCATS),qHTS for Inhibitors of Vif-A3G Interactions: qHTS,"2-(4-Aminophenyl)-1,3-benzothiazole-6-carboxylic acid",APOBEC3G - apolipoprotein B mRNA editing enzyme catalytic subunit 3G (human),/gene/60489,3.5.4.38,Q9HC16,9606,"","","","","","","",""
230976525,"",602332,17504222,3665766,"","","",Confirmatory,20120308,1,0,Inactive,CAQ08732,Potency,"",National Center for Advancing Translational Sciences (NCATS),qHTS for Inducers of the Endoplasmic Reticulum Stress Response (ERSR) in Human Glioma: qHTS,"2-(4-Aminophenyl)-1,3-benzothiazole-6-carboxylic acid","heat shock 70kDa protein 5 (glucose-regulated protein, 78kDa) (human)",/protein/CAQ08732,"",P11021,9606,"","","","","","","",""
232044251,"",602346,17504222,3665766,"",155459,"",Screening,20120309,0,0,Inactive,NP_057851,"","",Broad Institute,Identification of VIF Inhibitors Measured in Cell-Based System Using Imaging - 2108-01_Inhibitor_SinglePoint_HTS_Activity,"2-(4-Aminophenyl)-1,3-benzothiazole-6-carboxylic acid",vif - Vif (Human immunodeficiency virus 1),/gene/155459,"",P69723,11676,"","","","","","","",""
233698065,"",602399,17504222,3665766,"","","",Screening,20120620,0,0,Inactive,NP_374707,"","",Burnham Center for Chemical Genomics,uHTS identification of inhibitors of NadD in a Colorimetric assay,"2-(4-Aminophenyl)-1,3-benzothiazole-6-carboxylic acid",hypothetical protein SA1422 (Staphylococcus aureus subsp. aureus N315),/protein/NP_374707,"",P65502,158879,"","","","","","","",""
233845974,"",602396,17504222,3665766,"",2494,"",Screening,20120921,0,0,Inactive,NP_003813,"","",The Scripps Research Institute Molecular Screening Center,Luminescence-based cell-based primary high throughput screening assay to identify inverse agonists of the liver receptor homolog-1 (LRH-1; NR5A2),"2-(4-Aminophenyl)-1,3-benzothiazole-6-carboxylic acid",NR5A2 - nuclear receptor subfamily 5 group A member 2 (human),/gene/2494,"",O00482,9606,"","","","","","","",""
234093258,"",602417,17504222,3665766,"",171071,"",Screening,20120320,0,0,Active,NP_598230,"","",Burnham Center for Chemical Genomics,Single concentration confirmation of uHTS hits for Peg3 Promoter Inhibitors via a luciferase reporter assay,"2-(4-Aminophenyl)-1,3-benzothiazole-6-carboxylic acid","Ppp1r15a - protein phosphatase 1, regulatory subunit 15A (Norway rat)",/gene/171071,"",Q6IN02,10116,"","","","","","","",""
234274792,"",602429,17504222,3665766,"",7341,"",Screening,20120320,0,0,Inactive,AAC50996,"","",Burnham Center for Chemical Genomics,uHTS identification of SUMO1-mediated protein-protein interactions,"2-(4-Aminophenyl)-1,3-benzothiazole-6-carboxylic acid",SUMO1 - small ubiquitin like modifier 1 (human),/gene/7341,"",P63165,9606,"","","","","","","",""
234338128,"",602410,17504222,3665766,"",3777,"",Screening,20120316,0,0,Inactive,AAG29340,"","",Johns Hopkins Ion Channel Center,Primary cell-based screen for identification of compounds that inhibit the two-pore domain potassium channel KCNK3,"2-(4-Aminophenyl)-1,3-benzothiazole-6-carboxylic acid",KCNK3 - potassium two pore domain channel subfamily K member 3 (human),/gene/3777,"",O14649,9606,"","","","","","","",""
234901909,"",602438,17504222,3665766,"","","",Screening,20120320,0,0,Inactive,2QQI_A,"","",Burnham Center for Chemical Genomics,uHTS identification of modulators of interaction between CendR and NRP-1 using Fluorescence Polarization assay,"2-(4-Aminophenyl)-1,3-benzothiazole-6-carboxylic acid","Chain A, Neuropilin-1 (human)",/protein/2QQI_A,"",2QQI_A,9606,"","","","","","","",""
235185776,"",602440,17504222,3665766,"",123228,"",Screening,20120321,0,0,Inactive,NP_660205,"","",Burnham Center for Chemical Genomics,uHTS Fluorescent Assay Using Nedd8 Protein Substrate for Identification of Inhibitors of Sentrin-Specific Protease 8 (SENP8),"2-(4-Aminophenyl)-1,3-benzothiazole-6-carboxylic acid","SENP8 - SUMO peptidase family member, NEDD8 specific (human)",/gene/123228,3.4.22.-,Q96LD8,9606,"","","","","","","",""
236154522,"",602449,17504222,3665766,"","","",Screening,20120328,0,0,Inactive,"","","",Burnham Center for Chemical Genomics,uHTS identification of small molecule inhibitors of the mitochondrial permeability transition pore via an absorbance assay,"2-(4-Aminophenyl)-1,3-benzothiazole-6-carboxylic acid","","","","","","","","","","","","",""
236695462,"",623870,17504222,3665766,"",10460,"",Screening,20120327,0,0,Inactive,NP_006333,"","",Broad Institute,ARNT-TAC3: AlphaScreen HTS to detect disruption of ARNT/TAC3 interactions Measured in Biochemical System Using Plate Reader - 2158-01_Inhibitor_SinglePoint_HTS_Activity,"2-(4-Aminophenyl)-1,3-benzothiazole-6-carboxylic acid",TACC3 - transforming acidic coiled-coil containing protein 3 (human),/gene/10460,"",Q9Y6A5,9606,"","","","","","","",""
236695463,"",623870,17504222,3665766,"",405,"",Screening,20120327,0,0,Inactive,AAC03365,"","",Broad Institute,ARNT-TAC3: AlphaScreen HTS to detect disruption of ARNT/TAC3 interactions Measured in Biochemical System Using Plate Reader - 2158-01_Inhibitor_SinglePoint_HTS_Activity,"2-(4-Aminophenyl)-1,3-benzothiazole-6-carboxylic acid",ARNT - aryl hydrocarbon receptor nuclear translocator (human),/gene/405,"",AAC03365,9606,"","","","","","","",""
237484762,"",623877,17504222,3665766,"",101772,"",Screening,20120327,0,0,Inactive,NP_848757,"","",Johns Hopkins Ion Channel Center,Primary cell-based high-throughput screening for identification of compounds that activate/potentiate calcium-activated chloride channels (TMEM16A),"2-(4-Aminophenyl)-1,3-benzothiazole-6-carboxylic acid","Ano1 - anoctamin 1, calcium activated chloride channel (house mouse)",/gene/101772,"",Q8BHY3,10090,"","","","","","","",""
238398463,"",624037,17504222,3665766,"",1133,"",Screening,20120509,0,0,Inactive,NP_036257,"","",The Scripps Research Institute Molecular Screening Center,"Fluorescence-based cell-based primary high throughput screening assay to identify agonists of the human cholinergic receptor, muscarinic 5 (CHRM5)","2-(4-Aminophenyl)-1,3-benzothiazole-6-carboxylic acid",CHRM5 - cholinergic receptor muscarinic 5 (human),/gene/1133,"",P08912,9606,"","","","","","","",""
238460388,"",624038,17504222,3665766,"",1133,"",Screening,20120509,0,0,Inactive,NP_036257,"","",The Scripps Research Institute Molecular Screening Center,"Fluorescence-based cell-based primary high throughput screening assay to identify positive allosteric modulators (PAMs) of the human cholinergic receptor, muscarinic 5 (CHRM5)","2-(4-Aminophenyl)-1,3-benzothiazole-6-carboxylic acid",CHRM5 - cholinergic receptor muscarinic 5 (human),/gene/1133,"",P08912,9606,"","","","","","","",""
238893691,"",624040,17504222,3665766,"",1133,"",Screening,20120509,0,0,Inactive,NP_036257,"","",The Scripps Research Institute Molecular Screening Center,"Fluorescence-based cell-based primary high throughput screening assay to identify antagonists of the human cholinergic receptor, muscarinic 5 (CHRM5)","2-(4-Aminophenyl)-1,3-benzothiazole-6-carboxylic acid",CHRM5 - cholinergic receptor muscarinic 5 (human),/gene/1133,"",P08912,9606,"","","","","","","",""
239396123,"",624125,17504222,3665766,"",1132,"",Screening,20130911,0,0,Inactive,NP_000732,"","",The Scripps Research Institute Molecular Screening Center,"Fluorescence-based cell-based primary high throughput screening assay to identify antagonists of the human cholinergic receptor, muscarinic 4 (CHRM4)","2-(4-Aminophenyl)-1,3-benzothiazole-6-carboxylic acid",CHRM4 - cholinergic receptor muscarinic 4 (human),/gene/1132,"",P08173,9606,"","","","","","","",""
240023953,"",624126,17504222,3665766,"",1132,"",Screening,20120509,0,0,Inactive,NP_000732,"","",The Scripps Research Institute Molecular Screening Center,"Fluorescence-based cell-based primary high throughput screening assay to identify positive allosteric modulators (PAMs) of the human cholinergic receptor, muscarinic 4 (CHRM4)","2-(4-Aminophenyl)-1,3-benzothiazole-6-carboxylic acid",CHRM4 - cholinergic receptor muscarinic 4 (human),/gene/1132,"",P08173,9606,"","","","","","","",""
240045699,"",624127,17504222,3665766,"",1132,"",Screening,20120509,0,0,Inactive,NP_000732,"","",The Scripps Research Institute Molecular Screening Center,"Fluorescence-based cell-based primary high throughput screening assay to identify agonists of the human cholinergic receptor, muscarinic 4 (CHRM4)","2-(4-Aminophenyl)-1,3-benzothiazole-6-carboxylic acid",CHRM4 - cholinergic receptor muscarinic 4 (human),/gene/1132,"",P08173,9606,"","","","","","","",""
240990575,"",624170,17504222,3665766,"",2744,"",Confirmatory,20120522,1,0,Inactive,AAH38507,Potency,"",National Center for Advancing Translational Sciences (NCATS),qHTS for Inhibitors of Glutaminase (GLS),"2-(4-Aminophenyl)-1,3-benzothiazole-6-carboxylic acid",GLS - glutaminase (human),/gene/2744,"",O94925,9606,"","","","","","","",""
241042718,"",624169,17504222,3665766,"",15558,"",Screening,20120522,0,0,Inactive,NP_766400,"","",The Scripps Research Institute Molecular Screening Center,Luminescence-based cell-based primary high throughput screening assay to identify agonists of the mouse 5-hydroxytryptamine (serotonin) receptor 2A (HTR2A),"2-(4-Aminophenyl)-1,3-benzothiazole-6-carboxylic acid",Htr2a - 5-hydroxytryptamine (serotonin) receptor 2A (house mouse),/gene/15558,"",P35363,10090,"","","","","","","",""
241273167,"",624167,17504222,3665766,"",171071,"",Confirmatory,20120522,0,0,Unspecified,NP_598230,"","",Burnham Center for Chemical Genomics,Dose Response confirmation of uHTS small molecule Peg3 Promoter Inhibitor hits in a screening assay,"2-(4-Aminophenyl)-1,3-benzothiazole-6-carboxylic acid","Ppp1r15a - protein phosphatase 1, regulatory subunit 15A (Norway rat)",/gene/171071,"",Q6IN02,10116,"","","","","","","",""
241273169,"",624167,17504222,3665766,"","","",Confirmatory,20120522,0,0,Unspecified,"","","",Burnham Center for Chemical Genomics,Dose Response confirmation of uHTS small molecule Peg3 Promoter Inhibitor hits in a screening assay,"2-(4-Aminophenyl)-1,3-benzothiazole-6-carboxylic acid","","","","","","","","","","","","",""
241273170,"",624167,17504222,3665766,"","","",Confirmatory,20120522,0,0,Unspecified,"","","",Burnham Center for Chemical Genomics,Dose Response confirmation of uHTS small molecule Peg3 Promoter Inhibitor hits in a screening assay,"2-(4-Aminophenyl)-1,3-benzothiazole-6-carboxylic acid","","","","","","","","","","","","",""
241426156,"",624167,17504222,3665766,"",171071,"",Confirmatory,20120522,0,0,Unspecified,NP_598230,"","",Burnham Center for Chemical Genomics,Dose Response confirmation of uHTS small molecule Peg3 Promoter Inhibitor hits in a screening assay,"2-(4-Aminophenyl)-1,3-benzothiazole-6-carboxylic acid","Ppp1r15a - protein phosphatase 1, regulatory subunit 15A (Norway rat)",/gene/171071,"",Q6IN02,10116,"","","","","","","",""
241468391,"",624168,17504222,3665766,"",9215,"",Screening,20120522,0,0,Inactive,CAG30396,"","",Burnham Center for Chemical Genomics,uHTS identification of small molecule activators of alpha dystroglycan glycosylation,"2-(4-Aminophenyl)-1,3-benzothiazole-6-carboxylic acid",LARGE1 - LARGE xylosyl- and glucuronyltransferase 1 (human),/gene/9215,"",O95461,9606,"","","","","","","",""
242253869,"",624172,17504222,3665766,"",2740,"",Confirmatory,20120522,1,0,Inactive,AAB64013,Potency,"",National Center for Advancing Translational Sciences (NCATS),qHTS of GLP-1 Receptor Agonists,"2-(4-Aminophenyl)-1,3-benzothiazole-6-carboxylic acid",GLP1R - glucagon like peptide 1 receptor (human),/gene/2740,"",AAB64013,9606,"","","","","","","",""
242663189,"",624171,17504222,3665766,"",4780,"",Confirmatory,20120522,1,0,Inactive,AAB32188,Potency,"",National Center for Advancing Translational Sciences (NCATS),qHTS of Nrf2 Activators,"2-(4-Aminophenyl)-1,3-benzothiazole-6-carboxylic acid",NFE2L2 - NFE2 like bZIP transcription factor 2 (human),/gene/4780,"",AAB32188,9606,"","","","","","","",""
243493449,"",624204,17504222,3665766,"","","",Screening,20121011,0,0,Inactive,NP_055369,"","",Burnham Center for Chemical Genomics,"uHTS identification of small molecule inhibitors of the catalytic domain of the SUMO protease, SENP1 in a FRET assay","2-(4-Aminophenyl)-1,3-benzothiazole-6-carboxylic acid",sentrin-specific protease 1 (human),/protein/NP_055369,"",NP_055369,9606,"","","","","","","",""
243530735,"",624178,17504222,3665766,"",6609,"",Confirmatory,20120523,0,0,Unspecified,AAA58377,Potency,"",National Center for Advancing Translational Sciences (NCATS),qHTS for Inhibitors of Human Acid Sphingomyelinase Assay: Native Substrate,"2-(4-Aminophenyl)-1,3-benzothiazole-6-carboxylic acid",SMPD1 - sphingomyelin phosphodiesterase 1 (human),/gene/6609,"",AAA58377,9606,"","","","","","","",""
244517712,"",624256,17504222,3665766,"",3205,"",Screening,20120618,0,0,Inactive,"","","",NMMLSC,HTS to identify compounds that promote myeloid differentiation with MLPCN compound set,"2-(4-Aminophenyl)-1,3-benzothiazole-6-carboxylic acid",HOXA9 - homeobox A9 (human),/gene/3205,"","",9606,"","","","","","","",""
244964584,"",624263,17504222,3665766,"","","",Confirmatory,20120605,1,0,Inactive,AAQ89316,Potency,"",National Center for Advancing Translational Sciences (NCATS),A Quantitative High throughput Screen to Identify Chemical Modulators of PINK1 Expression,"2-(4-Aminophenyl)-1,3-benzothiazole-6-carboxylic acid",PINK1 (human),/protein/AAQ89316,"",AAQ89316,9606,"","","","","","","",""
244964585,"",624263,17504222,3665766,"",5071,"",Confirmatory,20120605,1,0,Inactive,BAA25751,Potency,"",National Center for Advancing Translational Sciences (NCATS),A Quantitative High throughput Screen to Identify Chemical Modulators of PINK1 Expression,"2-(4-Aminophenyl)-1,3-benzothiazole-6-carboxylic acid",PRKN - parkin RBR E3 ubiquitin protein ligase (human),/gene/5071,"",BAA25751,9606,"","","","","","","",""
245440346,"",624246,17504222,3665766,"",2078,"",Confirmatory,20120601,1,0,Inactive,NP_001230357,Potency,"",National Center for Advancing Translational Sciences (NCATS),qHTS for Small Molecule Inhibitors of the ERG Ets/DNA interaction,"2-(4-Aminophenyl)-1,3-benzothiazole-6-carboxylic acid",ERG - ETS transcription factor ERG (human),/gene/2078,"",P11308,9606,"","","","","","","",""
245615063,"",624287,17504222,3665766,"",2778,"",Confirmatory,20120612,1,0,Inactive,P63092,Potency,"",National Center for Advancing Translational Sciences (NCATS),"qHTS for Agonist of gsp, the Etiologic Mutation Responsible for Fibrous Dysplasia/McCune-Albright Syndrome: qHTS","2-(4-Aminophenyl)-1,3-benzothiazole-6-carboxylic acid",GNAS - GNAS complex locus (human),/gene/2778,3.6.5.-,P63092,9606,"","","","","","","",""
246301624,"",624267,17504222,3665766,"",8767,"",Screening,20120614,0,0,Inactive,NP_003812,"","",The Scripps Research Institute Molecular Screening Center,Fluorescence-based cell-based primary high throughput screening assay to identify inhibitors of the interaction of nucleotide-binding oligomerization domain containing 2 (NOD2) and the receptor-interacting serine-threonine kinase 2 (RIPK2),"2-(4-Aminophenyl)-1,3-benzothiazole-6-carboxylic acid",RIPK2 - receptor interacting serine/threonine kinase 2 (human),/gene/8767,2.7.10.2|2.7.11.1,O43353,9606,"","","","","","","",""
246301625,"",624267,17504222,3665766,"",64127,"",Screening,20120614,0,0,Inactive,EAW82767,"","",The Scripps Research Institute Molecular Screening Center,Fluorescence-based cell-based primary high throughput screening assay to identify inhibitors of the interaction of nucleotide-binding oligomerization domain containing 2 (NOD2) and the receptor-interacting serine-threonine kinase 2 (RIPK2),"2-(4-Aminophenyl)-1,3-benzothiazole-6-carboxylic acid",NOD2 - nucleotide binding oligomerization domain containing 2 (human),/gene/64127,"",Q9HC29,9606,"","","","","","","",""
246677711,"",624268,17504222,3665766,"",3662741,"",Screening,20120723,0,0,Inactive,XP_822407,"","",The Scripps Research Institute Molecular Screening Center,Luminescence-based biochemical primary high throughput screening assay to identify inhibitors of Trypanosoma brucei methionyl tRNA synthetase (MetRS),"2-(4-Aminophenyl)-1,3-benzothiazole-6-carboxylic acid","Tb10.70.6470 - methionyl-tRNA synthetase, putative (Trypanosoma brucei brucei TREU927)",/gene/3662741,"",XP_822407,185431,"","","","","","","",""
247043114,"",624288,17504222,3665766,"",2778,"",Confirmatory,20120612,1,0,Inactive,P63092,Potency,"",National Center for Advancing Translational Sciences (NCATS),"qHTS for Antagonists of gsp, the Etiologic Mutation Responsible for Fibrous Dysplasia/McCune-Albright Syndrome: qHTS","2-(4-Aminophenyl)-1,3-benzothiazole-6-carboxylic acid",GNAS - GNAS complex locus (human),/gene/2778,3.6.5.-,P63092,9606,"","","","","","","",""
247392739,"",624291,17504222,3665766,"",1081,"",Confirmatory,20120613,1,0,Inactive,P01215,Potency,"",National Center for Advancing Translational Sciences (NCATS),qHTS for Activators of Integrin-Mediated Alleviation for Muscular Dystrophy,"2-(4-Aminophenyl)-1,3-benzothiazole-6-carboxylic acid","CGA - glycoprotein hormones, alpha polypeptide (human)",/gene/1081,"",P01215,9606,"","","","","","","",""
248071431,"",624297,17504222,3665766,"",51053,"",Confirmatory,20120615,1,0,Inactive,NP_056979,Potency,"",National Center for Advancing Translational Sciences (NCATS),A quantitative high throughput screen for small molecules that induce DNA re-replication in SW480 colon adenocarcinoma cells.,"2-(4-Aminophenyl)-1,3-benzothiazole-6-carboxylic acid",GMNN - geminin DNA replication inhibitor (human),/gene/51053,"",O75496,9606,518,"","","","","","",""
248486645,"",624330,17504222,3665766,"",29127,"",Confirmatory,20120703,0,0,Inactive,NP_037409,IC50,"",Southern Research Specialized Biocontainment Screening Center,Discovery of small molecule inhibitors of the oncogenic and cytokinetic protein MgcRacGAP -  Primary and Confirmatory Screens,"2-(4-Aminophenyl)-1,3-benzothiazole-6-carboxylic acid",RACGAP1 - Rac GTPase activating protein 1 (human),/gene/29127,"",Q9H0H5,9606,"","","","","","","",""
248831406,"",624304,17504222,3665766,"",177343,"",Screening,20130315,0,0,Inactive,NP_741406,"","",Burnham Center for Chemical Genomics,uHTS identification of SKN-1 Inhibitors in a fluoresence assay,"2-(4-Aminophenyl)-1,3-benzothiazole-6-carboxylic acid",skn-1 - BZIP domain-containing protein;Protein skinhead-1 (Caenorhabditis elegans),/gene/177343,"",P34707,6239,"","","","","","","",""
249140823,"",624352,17504222,3665766,"",2034,"",Screening,20120703,0,0,Active,NP_001421,"","",Burnham Center for Chemical Genomics,uHTS identification of HIF-2a Inhibitors in a luminesence assay,"2-(4-Aminophenyl)-1,3-benzothiazole-6-carboxylic acid",EPAS1 - endothelial PAS domain protein 1 (human),/gene/2034,"",Q99814,9606,"","","","","","","",""
249508655,"",624354,17504222,3665766,"",8795,"",Screening,20120703,0,0,Active,NP_003833,"","",Burnham Center for Chemical Genomics,uHTS identification of Caspase-8 TRAIL sensitizers in a luminesence assay,"2-(4-Aminophenyl)-1,3-benzothiazole-6-carboxylic acid",TNFRSF10B - TNF receptor superfamily member 10b (human),/gene/8795,"",O14763,9606,"","","","","","","",""
249981278,"",624377,17504222,3665766,"",50807,"",Screening,20120710,0,0,Inactive,NP_001234925,"","",The Scripps Research Institute Molecular Screening Center,"Fluorescence polarization-based biochemical primary high throughput screening assay to identify inhibitors of ArfGAP with SH3 domain, ankyrin repeat and PH domain 1 (ASAP1)","2-(4-Aminophenyl)-1,3-benzothiazole-6-carboxylic acid","ASAP1 - ArfGAP with SH3 domain, ankyrin repeat and PH domain 1 (human)",/gene/50807,"",Q9ULH1,9606,"","","","","","","",""
250261002,"",624414,17504222,3665766,"",57192,"",Screening,20120726,0,0,Inactive,NP_065394,"","",National Center for Advancing Translational Sciences (NCATS),qHTS for Agonists of the Human Mucolipin Transient Receptor Potential 1 (TRPML1),"2-(4-Aminophenyl)-1,3-benzothiazole-6-carboxylic acid",MCOLN1 - mucolipin TRP cation channel 1 (human),/gene/57192,"",Q9GZU1,9606,"","","","","","","",""
250810684,"",624416,17504222,3665766,"",155971,"",Screening,20120726,0,0,Inactive,NP_057856,"","",The Scripps Research Institute Molecular Screening Center,"TRFRET-based biochemical primary high throughput screening assay to identify small molecules that bind to the HIV-1-gp120 binding antibody, PG9","2-(4-Aminophenyl)-1,3-benzothiazole-6-carboxylic acid","env - Envelope surface glycoprotein gp160, precursor (Human immunodeficiency virus 1)",/gene/155971,"",P04578,11676,"","","","","","","",""
251028852,"",624415,17504222,3665766,"",57192,"",Screening,20130104,0,0,Inactive,NP_065394,"","",National Center for Advancing Translational Sciences (NCATS),qHTS for Inhibitors of the Human Mucolipin Transient Receptor Potential 1 (TRPML1),"2-(4-Aminophenyl)-1,3-benzothiazole-6-carboxylic acid",MCOLN1 - mucolipin TRP cation channel 1 (human),/gene/57192,"",Q9GZU1,9606,"","","","","","","",""
251424775,"",624417,17504222,3665766,"",2740,"",Confirmatory,20120726,1,0,Inactive,AAB64013,Potency,"",National Center for Advancing Translational Sciences (NCATS),qHTS of GLP-1 Receptor Inverse Agonists (Inhibition Mode),"2-(4-Aminophenyl)-1,3-benzothiazole-6-carboxylic acid",GLP1R - glucagon like peptide 1 receptor (human),/gene/2740,"",AAB64013,9606,"","","","","","","",""
252269954,"",624463,17504222,3665766,"",1813,"",Other,20120807,0,0,Inactive,NP_000786,"","",National Center for Advancing Translational Sciences (NCATS),Beta-Arrestin HTS for Positive Allosteric Modulators of the Human D2 Dopamine Receptor: Antagonists,"2-(4-Aminophenyl)-1,3-benzothiazole-6-carboxylic acid",DRD2 - dopamine receptor D2 (human),/gene/1813,"",P14416,9606,"","","","","","","",""
252605021,"",624464,17504222,3665766,"",1813,"",Other,20120807,0,0,Inactive,NP_000786,"","",National Center for Advancing Translational Sciences (NCATS),Beta-Arrestin HTS for Positive Allosteric Modulators of the Human D2 Dopamine Receptor: Potentiators,"2-(4-Aminophenyl)-1,3-benzothiazole-6-carboxylic acid",DRD2 - dopamine receptor D2 (human),/gene/1813,"",P14416,9606,"","","","","","","",""
253085307,"",624465,17504222,3665766,"",1813,"",Other,20120807,0,0,Inactive,NP_000786,"","",National Center for Advancing Translational Sciences (NCATS),Beta-Arrestin HTS for Positive Allosteric Modulators of the Human D2 Dopamine Receptor: Agonists,"2-(4-Aminophenyl)-1,3-benzothiazole-6-carboxylic acid",DRD2 - dopamine receptor D2 (human),/gene/1813,"",P14416,9606,"","","","","","","",""
253317557,"",624466,17504222,3665766,"",134864,"",Screening,20120816,0,0,Inactive,NP_612200,"","",The Scripps Research Institute Molecular Screening Center,Fluorescence-based cell-based primary high throughput screening assay to identify antagonists of the human trace amine associated receptor 1 (TAAR1),"2-(4-Aminophenyl)-1,3-benzothiazole-6-carboxylic acid",TAAR1 - trace amine associated receptor 1 (human),/gene/134864,"",Q96RJ0,9606,"","","","","","","",""
253819520,"",624483,17504222,3665766,"","","",Screening,20120814,0,0,Inactive,"","","",NMMLSC,Counterscreen of compound fluorescence effects on High-throughput multiplex microsphere screening for inhibitors of toxin protease,"2-(4-Aminophenyl)-1,3-benzothiazole-6-carboxylic acid","","","","","","","","","","","","",""
253868905,"",624467,17504222,3665766,"",134864,"",Screening,20120808,0,0,Inactive,NP_612200,"","",The Scripps Research Institute Molecular Screening Center,Fluorescence-based cell-based primary high throughput screening assay to identify agonists of the human trace amine associated receptor 1 (TAAR1),"2-(4-Aminophenyl)-1,3-benzothiazole-6-carboxylic acid",TAAR1 - trace amine associated receptor 1 (human),/gene/134864,"",Q96RJ0,9606,"","","","","","","",""
300115521,"",651560,17504222,3665766,"",52,"",Screening,20120904,0,0,Inactive,P24666,"","",Burnham Center for Chemical Genomics,"uHTS identification of small molecule inhibitors of Low Molecular Weight Protein Tyrosine Phosphatase, LMPTP, via a fluorescence intensity assay","2-(4-Aminophenyl)-1,3-benzothiazole-6-carboxylic acid",ACP1 - acid phosphatase 1 (human),/gene/52,3.1.3.2|3.1.3.48,P24666,9606,"","","","","","","",""
300322905,"",651550,17504222,3665766,"",207,"",Screening,20120824,0,0,Inactive,P31749,"","",National Center for Advancing Translational Sciences (NCATS),HTS Assay for Inhibitors of Akt Phophorylation: Primary Screen,"2-(4-Aminophenyl)-1,3-benzothiazole-6-carboxylic acid",AKT1 - AKT serine/threonine kinase 1 (human),/gene/207,2.7.11.1,P31749,9606,"","","","","","","",""
300800747,"",651572,17504222,3665766,"",246310,"",Screening,20120918,0,0,Inactive,NP_659558,"","",The Scripps Research Institute Molecular Screening Center,Fluorescence polarization-based biochemical primary high throughput screening assay to identify inhibitors of ADP-ribosylation factor GTPase activating protein 1 (ARFGAP1),"2-(4-Aminophenyl)-1,3-benzothiazole-6-carboxylic acid",Arfgap1 - ARF GTPase activating protein 1 (Norway rat),/gene/246310,"",Q62848,10116,"","","","","","","",""
302045831,"",651610,17504222,3665766,"","","",Screening,20121024,0,0,Active,"","","",Broad Institute,HIV entry: Env-mediated Cell Fusion Measured in Cell-Based System Using Plate Reader - 7013-01_Inhibitor_SinglePoint_HTS_Activity,"2-(4-Aminophenyl)-1,3-benzothiazole-6-carboxylic acid","","","","","","","","","","","","",""
302216078,"",651602,17504222,3665766,"",947287,"",Screening,20120927,0,0,Inactive,NP_417296,"","",The Scripps Research Institute Molecular Screening Center,Absorbance-based primary bacterial cell-based high throughput screening assay to identify inhibitors of RecBCD (with phage),"2-(4-Aminophenyl)-1,3-benzothiazole-6-carboxylic acid",recD - exodeoxyribonuclease V subunit RecD (Escherichia coli str. K-12 substr. MG1655),/gene/947287,5.6.2.3,P04993,511145,"","","","","","","",""
302216100,"",651602,17504222,3665766,"",947294,"",Screening,20120927,0,0,Inactive,NP_417299,"","",The Scripps Research Institute Molecular Screening Center,Absorbance-based primary bacterial cell-based high throughput screening assay to identify inhibitors of RecBCD (with phage),"2-(4-Aminophenyl)-1,3-benzothiazole-6-carboxylic acid",recC - exodeoxyribonuclease V subunit RecC (Escherichia coli str. K-12 substr. MG1655),/gene/947294,"",P07648,511145,"","","","","","","",""
302216101,"",651602,17504222,3665766,"",947286,"",Screening,20120927,0,0,Inactive,NP_417297,"","",The Scripps Research Institute Molecular Screening Center,Absorbance-based primary bacterial cell-based high throughput screening assay to identify inhibitors of RecBCD (with phage),"2-(4-Aminophenyl)-1,3-benzothiazole-6-carboxylic acid",recB - exodeoxyribonuclease V subunit RecB (Escherichia coli str. K-12 substr. MG1655),/gene/947286,3.1.11.5|5.6.2.4,P08394,511145,"","","","","","","",""
303110779,"",651640,17504222,3665766,"","","",Screening,20121012,0,0,Inactive,"","","",Broad Institute,DENV2 CPE-Based HTS Measured in Cell-Based and Microorganism Combination System Using Plate Reader - 2149-01_Other_SinglePoint_HTS_Activity,"2-(4-Aminophenyl)-1,3-benzothiazole-6-carboxylic acid","","","","","","","","","","","","",""
303308898,"",651636,17504222,3665766,"",1880,"",Screening,20121012,0,0,Inactive,NP_004942,"","",Burnham Center for Chemical Genomics,uHTS identification of small molecule antagonists of the EBI2 receptor via a luminescent beta-arrestin assay,"2-(4-Aminophenyl)-1,3-benzothiazole-6-carboxylic acid",GPR183 - G protein-coupled receptor 183 (human),/gene/1880,"",P32249,9606,"","","","","","","",""
304775651,"",651644,17504222,3665766,"",155807,"",Confirmatory,20121016,1,0,Inactive,NP_057852,Potency,"",National Center for Advancing Translational Sciences (NCATS),qHTS Assay for Inhibitors of the HIV-1 protein Vpr,"2-(4-Aminophenyl)-1,3-benzothiazole-6-carboxylic acid",vpr - Vpr (Human immunodeficiency virus 1),/gene/155807,"",NP_057852,11676,"","","","","","","",""
304873969,"",651647,17504222,3665766,"",4323,"",Screening,20121018,0,0,Inactive,NP_004986,"","",Burnham Center for Chemical Genomics,uHTS identification of inhibitors of MT1-MMP activation in a fluoresence assay,"2-(4-Aminophenyl)-1,3-benzothiazole-6-carboxylic acid",MMP14 - matrix metallopeptidase 14 (human),/gene/4323,3.4.24.80,P50281,9606,"","","","","","","",""
306072701,"",651658,17504222,3665766,"",27006,"",Screening,20121019,0,0,Inactive,NP_065688,"","",Broad Institute,Small Molecule Inhibitors of FGF22-Mediated Excitatory Synaptogenesis & Epilepsy Measured in Biochemical System Using RT-PCR - 7012-01_Inhibitor_SinglePoint_HTS_Activity,"2-(4-Aminophenyl)-1,3-benzothiazole-6-carboxylic acid",FGF22 - fibroblast growth factor 22 (human),/gene/27006,"",Q9HCT0,9606,"","","","","","","",""
306422081,"",651661,17504222,3665766,"","","",Screening,20121026,0,0,Active,"","","",Broad Institute,Luminescence Cell-Based Primary HTS to identify inhibitors of the oncoprotein EWS/Fli transcriptional activity Measured in Cell-Based System Using Plate Reader - 7014-01_Inhibitor_SinglePoint_HTS_Activity,"2-(4-Aminophenyl)-1,3-benzothiazole-6-carboxylic acid","","","","","","","","","","","","",""
306954498,"",651699,17504222,3665766,"",8883,"",Screening,20121025,0,0,Inactive,NP_003896,"","",Burnham Center for Chemical Genomics,uHTS identification of inhibitors of cullin neddylation in a TR-FRET assay,"2-(4-Aminophenyl)-1,3-benzothiazole-6-carboxylic acid",NAE1 - NEDD8 activating enzyme E1 subunit 1 (human),/gene/8883,"",Q13564,9606,"","","","","","","",""
306954499,"",651699,17504222,3665766,"",9040,"",Screening,20121025,0,0,Inactive,NP_003960,"","",Burnham Center for Chemical Genomics,uHTS identification of inhibitors of cullin neddylation in a TR-FRET assay,"2-(4-Aminophenyl)-1,3-benzothiazole-6-carboxylic acid",UBE2M - ubiquitin conjugating enzyme E2 M (human),/gene/9040,2.3.2.34,P61081,9606,"","","","","","","",""
307503811,"",651704,17504222,3665766,"",4300,"",Screening,20130221,0,0,Inactive,NP_004520,"","",Broad Institute,Inhibition of the MLL-AF4-AF9 Interaction in Pediatric Leukemia Measured in Biochemical System Using Plate Reader - 2160-01_Inhibitor_SinglePoint_HTS_Activity,"2-(4-Aminophenyl)-1,3-benzothiazole-6-carboxylic acid",MLLT3 - MLLT3 super elongation complex subunit (human),/gene/4300,"",P42568,9606,"","","","","","","",""
307932987,"",651702,17504222,3665766,"","","",Screening,20130304,0,0,Inactive,"","","",NMMLSC,Flow Cytometric HTS Screening for Inhibitors of Lytic Granule Exocytosis with MLPCN Compound Library,"2-(4-Aminophenyl)-1,3-benzothiazole-6-carboxylic acid","","","","","","","","","","","","",""
308223653,"",651710,17504222,3665766,"",5893,"",Screening,20121026,0,0,Inactive,NP_602296,"","",Broad Institute,FRET-based HTS for detection of RAD52 Inhibitors Measured in Biochemical System Using Plate Reader - 7018-01_Inhibitor_SinglePoint_HTS_Activity_Set2,"2-(4-Aminophenyl)-1,3-benzothiazole-6-carboxylic acid","RAD52 - RAD52 homolog, DNA repair protein (human)",/gene/5893,"",P43351,9606,"","","","","","","",""
308626303,"",651711,17504222,3665766,"",10130,"",Screening,20121028,0,0,Inactive,Q15084,"","",Broad Institute,Turbidometric Biochemical  Primary HTS  to identify inhibitors of ERp5 Measured in Biochemical System Using Plate Reader - 7002-01_Inhibitor_SinglePoint_HTS_Activity,"2-(4-Aminophenyl)-1,3-benzothiazole-6-carboxylic acid",PDIA6 - protein disulfide isomerase family A member 6 (human),/gene/10130,5.3.4.1,Q15084,9606,"","","","","","","",""
308752693,"",651718,17504222,3665766,"",281312,"",Screening,20121029,0,0,Active,AAI02981,"","",The Scripps Research Institute Molecular Screening Center,Absorbance-based biochemical primary high throughput screening assay to identify inhibitors of Methionine sulfoxide reductase A (MsrA),"2-(4-Aminophenyl)-1,3-benzothiazole-6-carboxylic acid",MSRA - methionine sulfoxide reductase A (domestic cattle),/gene/281312,"",P54149,9913,"","","","","","","",""
309466307,"",651724,17504222,3665766,"",5932,"",Screening,20121029,0,0,Inactive,AAC14371,"","",National Center for Advancing Translational Sciences (NCATS),qHTS Assay for Inhibitors of the CtBP/E1A Interaction,"2-(4-Aminophenyl)-1,3-benzothiazole-6-carboxylic acid","RBBP8 - RB binding protein 8, endonuclease (human)",/gene/5932,"",AAC14371,9606,"","","","","","","",""
309809695,"",651719,17504222,3665766,"",8484,"",Screening,20121029,0,0,Inactive,NP_003605,"","",The Scripps Research Institute Molecular Screening Center,Fluorescence-based cell-based primary high throughput screening assay to identify antagonists of the Galanin Receptor 3 (GalR3),"2-(4-Aminophenyl)-1,3-benzothiazole-6-carboxylic acid",GALR3 - galanin receptor 3 (human),/gene/8484,"",O60755,9606,"","","","","","","",""
310589955,"",651725,17504222,3665766,"",6495,"",Screening,20121029,0,0,Inactive,CAA62974,"","",National Center for Advancing Translational Sciences (NCATS),qHTS Assay for Inhibitors of the Six1/Eya2 Interaction,"2-(4-Aminophenyl)-1,3-benzothiazole-6-carboxylic acid",SIX1 - SIX homeobox 1 (human),/gene/6495,"",Q15475,9606,"","","","","","","",""
310617130,"",651768,17504222,3665766,"",7486,"",Confirmatory,20121116,1,0,Inactive,AAC63361,Potency,"",National Center for Advancing Translational Sciences (NCATS),qHTS for Inhibitors of WRN Helicase,"2-(4-Aminophenyl)-1,3-benzothiazole-6-carboxylic acid",WRN - WRN RecQ like helicase (human),/gene/7486,"",AAC63361,9606,"","","","","","","",""
310710573,"",651800,17504222,3665766,"",6955,"",Screening,20121119,0,0,Inactive,AAB69001,"","",The Scripps Research Institute Molecular Screening Center,Fluorescence-based biochemical primary high throughput assay to identify inhibitors of T-cell receptor (TCR)-CD3 interaction using a TAMRA-labeled TCR probe,"2-(4-Aminophenyl)-1,3-benzothiazole-6-carboxylic acid",TRA - T cell receptor alpha locus (human),/gene/6955,"",A0A0B4J268,9606,"","","","","","","",""
311720895,"",651819,17504222,3665766,"",153562,"",Screening,20121128,0,0,Inactive,BAE54513,"","",National Center for Advancing Translational Sciences (NCATS),High-Throughput Screening for Modulators of Cytosolic Chaperonin Activity,"2-(4-Aminophenyl)-1,3-benzothiazole-6-carboxylic acid",MARVELD2 - MARVEL domain containing 2 (human),/gene/153562,"",BAE54513,9606,"","","","","","","",""
311809438,"",651820,17504222,3665766,"","","",Confirmatory,20121128,1,0,Inactive,"",Potency,"",National Center for Advancing Translational Sciences (NCATS),qHTS Assay for Inhibitors of Hepatitis C Virus (HCV),"2-(4-Aminophenyl)-1,3-benzothiazole-6-carboxylic acid","","","","","","","","","","","","",""
312285166,"",651821,17504222,3665766,"","","",Screening,20130425,0,0,Inactive,"","","",The Scripps Research Institute Molecular Screening Center,Fluorescence-based biochemical primary high throughput screening assay to identify molecules that bind r(CAG) RNA repeats,"2-(4-Aminophenyl)-1,3-benzothiazole-6-carboxylic acid","","","","","","","","","","","","",""
312651083,"",651822,17504222,3665766,"",281312,"",Screening,20121129,0,0,Active,AAI02981,"","",The Scripps Research Institute Molecular Screening Center,Absorbance-based biochemical high throughput confirmation assay to identify inhibitors of Methionine sulfoxide reductase A (MsrA),"2-(4-Aminophenyl)-1,3-benzothiazole-6-carboxylic acid",MSRA - methionine sulfoxide reductase A (domestic cattle),/gene/281312,"",P54149,9913,"","","","","","","",""
312802548,"",651957,17504222,3665766,"",10499,"",Screening,20121226,0,0,Inactive,NP_006531,"","",The Scripps Research Institute Molecular Screening Center,Luminescence-based cell-based primary high throughput screening assay to identify inhibitors of the Steroid Receptor Coactivator 2 (SRC2; NCOA2),"2-(4-Aminophenyl)-1,3-benzothiazole-6-carboxylic acid",NCOA2 - nuclear receptor coactivator 2 (human),/gene/10499,"",Q15596,9606,"","","","","","","",""
313193963,"",651958,17504222,3665766,"",2943075,"",Screening,20121226,0,0,Inactive,YP_325663,"","",The Scripps Research Institute Molecular Screening Center,Fluorescence-based biochemical high throughput screening primary assay to identify inhibitors of Crimean-Congo Hemorrhagic Fever (CCHF) viral ovarian tumor domain protease (vOTU): Pep-AMC substrate,"2-(4-Aminophenyl)-1,3-benzothiazole-6-carboxylic acid",RdRp - putative polyprotein (Orthonairovirus haemorrhagiae),/gene/2943075,"",YP_325663,3052518,"","","","","","","",""
313548670,"",651965,17504222,3665766,"","","",Confirmatory,20130103,1,0,Inactive,AAC46381,Potency,"",National Center for Advancing Translational Sciences (NCATS),qHTS Assay for Activators of ClpP,"2-(4-Aminophenyl)-1,3-benzothiazole-6-carboxylic acid",ClpP (Bacillus subtilis),/protein/AAC46381,"",AAC46381,1423,"","","","","","","",""
313827953,"",652008,17504222,3665766,"",10499,"",Screening,20130201,0,0,Active,NP_006531,"","",The Scripps Research Institute Molecular Screening Center,Luminescence-based cell-based high throughput confirmation assay to identify inhibitors of the Steroid Receptor Coactivator 2 (SRC2; NCOA2),"2-(4-Aminophenyl)-1,3-benzothiazole-6-carboxylic acid",NCOA2 - nuclear receptor coactivator 2 (human),/gene/10499,"",Q15596,9606,"","","","","","","",""
313835154,"",652007,17504222,3665766,"","","",Screening,20130201,0,0,Active,NP_044650,"","",The Scripps Research Institute Molecular Screening Center,Counterscreen for inhibitors of the Steroid Receptor Coactivator 2 (SRC2; NCOA2): Luminescence-based cell-based high throughput assay to identify inhibitors of the Herpes Virus Virion Protein 16 (VP16),"2-(4-Aminophenyl)-1,3-benzothiazole-6-carboxylic acid",transactivating tegument protein VP16 [Human herpesvirus 1] (Herpes simplex virus type 1),/protein/NP_044650,"",NP_044650,10298,"","","","","","","",""
313974484,"",652010,17504222,3665766,"",190,"",Screening,20130201,0,0,Inactive,NP_000466,"","",The Scripps Research Institute Molecular Screening Center,"Luminescence-based cell-based primary high throughput screening assay for inhibitors of the orphan nuclear receptor subfamily 0, group B, member 1 (DAX1; NR0B1): repression of SF-1 (NR5A1) activated StAR promoter by full-length DAX-1","2-(4-Aminophenyl)-1,3-benzothiazole-6-carboxylic acid",NR0B1 - nuclear receptor subfamily 0 group B member 1 (human),/gene/190,"",P51843,9606,"","","","","","","",""
314244523,"",652017,17504222,3665766,"",6595,"",Screening,20130206,0,0,Inactive,EAW58811,"","",The Scripps Research Institute Molecular Screening Center,"Luminescence-based cell-based primary high throughput screening assay to identify activators of the function of SWI/SNF related, matrix associated, actin dependent regulator of chromatin, subfamily a, member 2 (SMARCA2, BRM)","2-(4-Aminophenyl)-1,3-benzothiazole-6-carboxylic acid",SMARCA2 - SWI/SNF related BAF chromatin remodeling complex subunit ATPase 2 (human),/gene/6595,"",P51531,9606,"","","","","","","",""
314675506,"",651999,17504222,3665766,"",10987,"",Screening,20130130,0,0,Inactive,NP_006828,"","",Burnham Center for Chemical Genomics,"uHTS identification of small molecule inhibitors of Csn-mediated Deneddylation of Cullin-Ring Ligases, vis a fluorescence polarization assay","2-(4-Aminophenyl)-1,3-benzothiazole-6-carboxylic acid",COPS5 - COP9 signalosome subunit 5 (human),/gene/10987,3.4.-.-,Q92905,9606,"","","","","","","",""
314948894,"",652042,17504222,3665766,"","","",Confirmatory,20130215,1,0,Inactive,"",AC50,"",Broad Institute,CEM21 Cytotoxicity Assay Measured in Cell-Based System Using Plate Reader - 7013-03_Inhibitor_Dose_CherryPick_Activity,"2-(4-Aminophenyl)-1,3-benzothiazole-6-carboxylic acid","","","","","","","","","","","","",""
315173415,"",652025,17504222,3665766,"",16183,"",Confirmatory,20130212,0,0,Inactive,NP_032392,Potency,"",National Center for Advancing Translational Sciences (NCATS),qHTS of IL-2 Activators,"2-(4-Aminophenyl)-1,3-benzothiazole-6-carboxylic acid",Il2 - interleukin 2 (house mouse),/gene/16183,"",P04351,10090,"","","","","","","",""
315343003,"",652039,17504222,3665766,"",5650,"",Screening,20130214,0,0,Active,NP_644806,"","",The Scripps Research Institute Molecular Screening Center,Fluorescence Intensity-based biochemical primary high throughput screening assay to identify activators of kallikrein-7 (K7) zymogen,"2-(4-Aminophenyl)-1,3-benzothiazole-6-carboxylic acid",KLK7 - kallikrein related peptidase 7 (human),/gene/5650,3.4.21.117,P49862,9606,"","","","","","","",""
316403347,"",652054,17504222,3665766,"",1814,"",Screening,20130221,0,0,Inactive,NP_387512,"","",National Center for Advancing Translational Sciences (NCATS),qHTS of D3 Dopamine Receptor Antagonist: qHTS,"2-(4-Aminophenyl)-1,3-benzothiazole-6-carboxylic acid",DRD3 - dopamine receptor D3 (human),/gene/1814,"",P35462,9606,"","","","","","","",""
316987918,"",652067,17504222,3665766,"",181263,"",Screening,20130625,0,0,Inactive,NP_001024547,"","",The Scripps Research Institute Molecular Screening Center,Luminescence-based cell-based primary high throughput screening assay to identify activators of the DAF-12 from the parasite H. contortus (hcDAF-12),"2-(4-Aminophenyl)-1,3-benzothiazole-6-carboxylic acid",daf-12 - Nuclear hormone receptor HR3;Nuclear hormone receptor family member daf-12 (Caenorhabditis elegans),/gene/181263,"",G5EFF5,6239,"","","","","","","",""
317452936,"",652106,17504222,3665766,"",6622,"",Confirmatory,20130314,1,0,Inactive,P37840,Potency,"",National Center for Advancing Translational Sciences (NCATS),qHTS of alpha-syn Inhibitors,"2-(4-Aminophenyl)-1,3-benzothiazole-6-carboxylic acid",SNCA - synuclein alpha (human),/gene/6622,"",P37840,9606,"","","","","","","",""
317506438,"",652104,17504222,3665766,"",23435,"",Confirmatory,20130314,1,0,Inactive,Q13148,Potency,"",National Center for Advancing Translational Sciences (NCATS),qHTS of TDP-43 Inhibitors,"2-(4-Aminophenyl)-1,3-benzothiazole-6-carboxylic acid",TARDBP - TAR DNA binding protein (human),/gene/23435,"",Q13148,9606,"","","","","","","",""
318430962,"",652115,17504222,3665766,"",23408,"",Screening,20130315,0,0,Inactive,Q9NXA8,"","",Broad Institute,MLPCN SirT-5 Measured in Biochemical System Using Imaging - 7044-01_Inhibitor_SinglePoint_HTS_Activity_Set5,"2-(4-Aminophenyl)-1,3-benzothiazole-6-carboxylic acid",SIRT5 - sirtuin 5 (human),/gene/23408,2.3.1.-,Q9NXA8,9606,"","","","","","","",""
318911969,"",652154,17504222,3665766,"",7849,"",Screening,20130321,0,0,Active,AAB34216,"","",Broad Institute,HTS for PAX8 inhibitors using PAX8 luciferase reporter gene assay in RMG-I cells Measured in Cell-Based System Using Plate Reader - 7054-01_Inhibitor_SinglePoint_HTS_Activity,"2-(4-Aminophenyl)-1,3-benzothiazole-6-carboxylic acid",PAX8 - paired box 8 (human),/gene/7849,"",AAB34216,9606,"","","","","","","",""
319187216,"",652126,17504222,3665766,"",181263,"",Screening,20130625,0,0,Inactive,NP_001024547,"","",The Scripps Research Institute Molecular Screening Center,Luminescence-based cell-based primary high throughput screening assay to identify activators of the DAF-12 from the parasite S. stercoralis (ssDAF-12),"2-(4-Aminophenyl)-1,3-benzothiazole-6-carboxylic acid",daf-12 - Nuclear hormone receptor HR3;Nuclear hormone receptor family member daf-12 (Caenorhabditis elegans),/gene/181263,"",G5EFF5,6239,"","","","","","","",""
319513880,"",652197,17504222,3665766,"",51752,"",Screening,20130327,0,0,Inactive,AAH30775,"","",Broad Institute,MLPCN ERAP1 Measured in Biochemical System Using Plate Reader - 7016-01_Inhibitor_SinglePoint_HTS_Activity,"2-(4-Aminophenyl)-1,3-benzothiazole-6-carboxylic acid",ERAP1 - endoplasmic reticulum aminopeptidase 1 (human),/gene/51752,"",Q9NZ08,9606,"","","","","","","",""
319516702,"",652162,17504222,3665766,"","","",Screening,20130327,0,0,Inactive,YP_001087135,"","",Broad Institute,C. difficile toxins: HTS for inhibitors of TcdB glycohydrolase activity Measured in Biochemical System Using Plate Reader - 7074-01_Inhibitor_SinglePoint_HTS_Activity,"2-(4-Aminophenyl)-1,3-benzothiazole-6-carboxylic acid",toxin B (Clostridioides difficile 630),/protein/YP_001087135,"",YP_001087135,272563,"","","","","","","",""
319529764,"",652163,17504222,3665766,"",6275,"",Screening,20130322,0,0,Inactive,CAG29341,"","",Broad Institute,S100A4: HTS Measured in Biochemical System Using Plate Reader - 7045-01_Inhibitor_SinglePoint_HTS_Activity,"2-(4-Aminophenyl)-1,3-benzothiazole-6-carboxylic acid",S100A4 - S100 calcium binding protein A4 (human),/gene/6275,"",P26447,9606,"","","","","","","",""
320632314,"",652257,17504222,3665766,"",3276,"",Screening,20130402,0,0,Inactive,AAH19268,"","",The Scripps Research Institute Molecular Screening Center,Primary biochemical fluorescence polarization-based high throughput screening assay to identify inhibitors of protein arginine methyltransferase 1 (PRMT1),"2-(4-Aminophenyl)-1,3-benzothiazole-6-carboxylic acid",PRMT1 - protein arginine methyltransferase 1 (human),/gene/3276,"",AAH19268,9606,"","","","","","","",""
321095915,"",686940,17504222,3665766,"",7026,"",Screening,20130415,0,0,Active,NP_066285,"","",The Scripps Research Institute Molecular Screening Center,Luminescence-based cell-based primary high throughput screening assay to identify inhibitors of COUP-TFII (NR2F2),"2-(4-Aminophenyl)-1,3-benzothiazole-6-carboxylic acid",NR2F2 - nuclear receptor subfamily 2 group F member 2 (human),/gene/7026,"",P24468,9606,"","","","","","","",""
321628806,"",686952,17504222,3665766,"","","",Screening,20130422,0,0,Active,"","","",The Scripps Research Institute Molecular Screening Center,Counterscreen for activators of kallikrein-7 (K7) zymogen: Fluorescence intensity-based biochemical high throughput counterscreen assay for activators that optically interfere with measurement of EDANS-DABCYL fluorescence,"2-(4-Aminophenyl)-1,3-benzothiazole-6-carboxylic acid","","","","","","","","","","","","",""
321655578,"",686949,17504222,3665766,"",5650,"",Screening,20130419,0,0,Active,NP_644806,"","",The Scripps Research Institute Molecular Screening Center,Fluorescence Intensity-based biochemical primary high throughput confirmation assay to identify activators of kallikrein-7 (K7) zymogen,"2-(4-Aminophenyl)-1,3-benzothiazole-6-carboxylic acid",KLK7 - kallikrein related peptidase 7 (human),/gene/5650,3.4.21.117,P49862,9606,"","","","","","","",""
321846945,"",686964,17504222,3665766,"",8932,"",Screening,20130501,0,0,Inactive,AAH32638,"","",The Scripps Research Institute Molecular Screening Center,TRFRET-based biochemical primary high throughput screening assay to identify inhibitors of 5-meCpG-binding domain protein 2 (MBD2)-DBD binding to methylated oligonucleotide,"2-(4-Aminophenyl)-1,3-benzothiazole-6-carboxylic acid",MBD2 - methyl-CpG binding domain protein 2 (human),/gene/8932,"",Q9UBB5,9606,"","","","","","","",""
322658438,"",686970,17504222,3665766,"",3417,"",Confirmatory,20130509,1,0,Inactive,CAG38738,Potency,"",National Center for Advancing Translational Sciences (NCATS),qHTS for induction of synthetic lethality in tumor cells producing 2HG: qHTS for the HT-1080-NT fibrosarcoma cell line,"2-(4-Aminophenyl)-1,3-benzothiazole-6-carboxylic acid",IDH1 - isocitrate dehydrogenase (NADP(+)) 1 (human),/gene/3417,"",CAG38738,9606,"","","","","","","",""
323686826,"",686992,17504222,3665766,"",6401,"",Screening,20131021,0,0,Inactive,NP_000441,"","",Broad Institute,Identification of agents that induce E-selectin on human endothelial cells Measured in Cell-Based System Using Imaging - 2152-01_Activator_SinglePoint_HTS_Activity,"2-(4-Aminophenyl)-1,3-benzothiazole-6-carboxylic acid",SELE - selectin E (human),/gene/6401,"",P16581,9606,"","","","","","","",""
323995863,"",686996,17504222,3665766,"",839,"",Screening,20130523,0,0,Inactive,AAH04460,"","",Broad Institute,VEID(2) R110 Enzymatic Primary HTS to identify Inhibitors of Caspase 6 Measured in Biochemical System Using Plate Reader - 7052-01_Inhibitor_SinglePoint_HTS_Activity_Set2,"2-(4-Aminophenyl)-1,3-benzothiazole-6-carboxylic acid",CASP6 - caspase 6 (human),/gene/839,"",P55212,9606,"","","","","","","",""
324261393,"",687008,17504222,3665766,"",7026,"",Screening,20130524,0,0,Inactive,NP_066285,"","",The Scripps Research Institute Molecular Screening Center,Luminescence-based cell-based high throughput confirmation assay to identify inhibitors of COUP-TFII (NR2F2),"2-(4-Aminophenyl)-1,3-benzothiazole-6-carboxylic acid",NR2F2 - nuclear receptor subfamily 2 group F member 2 (human),/gene/7026,"",P24468,9606,"","","","","","","",""
324304526,"",687014,17504222,3665766,"",181263,"",Screening,20130531,0,0,Inactive,NP_001024547,"","",The Scripps Research Institute Molecular Screening Center,Luminescence-based cell-based primary high throughput screening assay to identify agonists of the DAF-12 from the parasite H. glycines (hgDAF-12).,"2-(4-Aminophenyl)-1,3-benzothiazole-6-carboxylic acid",daf-12 - Nuclear hormone receptor HR3;Nuclear hormone receptor family member daf-12 (Caenorhabditis elegans),/gene/181263,"",G5EFF5,6239,"","","","","","","",""
324690246,"",687016,17504222,3665766,"",29128,"",Screening,20130531,0,0,Inactive,NP_001041666,"","",The Scripps Research Institute Molecular Screening Center,Counterscreen for inhibitors of 5-meCpG-binding domain protein 2 (MBD2): TRFRET-based biochemical primary high throughput screening assay to identify inhibitors of binding of ubiquitin-like with PHD and ring finger domains 1 (UHRF1) to methylated oligonuc,"2-(4-Aminophenyl)-1,3-benzothiazole-6-carboxylic acid",UHRF1 - ubiquitin like with PHD and ring finger domains 1 (human),/gene/29128,2.3.2.27,Q96T88,9606,"","","","","","","",""
325009707,"",687007,17504222,3665766,"","","",Screening,20130725,0,0,Inactive,NP_044650,"","",The Scripps Research Institute Molecular Screening Center,Counterscreen for antagonists of COUP-TFII (NR2F2): Luminescence-based cell-based high throughput assay to identify inhibitors of the Herpes Virus Virion Protein 16 (VP16),"2-(4-Aminophenyl)-1,3-benzothiazole-6-carboxylic acid",transactivating tegument protein VP16 [Human herpesvirus 1] (Herpes simplex virus type 1),/protein/NP_044650,"",NP_044650,10298,"","","","","","","",""
325032625,"",687032,17504222,3665766,"",7849,"",Confirmatory,20130615,1,0,Inactive,AAB34216,AC50,"",Broad Institute,SA5-Pax8: Cytotoxicity IOSE-T80 Measured in Cell-Based System Using Plate Reader - 7054-07_Inhibitor_Dose_CherryPick_Activity,"2-(4-Aminophenyl)-1,3-benzothiazole-6-carboxylic acid",PAX8 - paired box 8 (human),/gene/7849,"",AAB34216,9606,"","","","","","","",""
325042292,"",687029,17504222,3665766,"",7849,"",Confirmatory,20130615,1,0,Inactive,AAB34216,AC50,"",Broad Institute,PAX8: PAX8-dependent cytoxicity Measured in Cell-Based System Using Plate Reader - 7054-06_Inhibitor_Dose_CherryPick_Activity,"2-(4-Aminophenyl)-1,3-benzothiazole-6-carboxylic acid",PAX8 - paired box 8 (human),/gene/7849,"",AAB34216,9606,"","","","","","","",""
325222308,"",720504,17504222,3665766,"",5347,"",Confirmatory,20130709,1,0,Inactive,NP_005021,Potency,"",National Center for Advancing Translational Sciences (NCATS),qHTS for Inhibitors of PLK1-PDB (polo-like kinase 1 - polo-box domain): Primary Screen,"2-(4-Aminophenyl)-1,3-benzothiazole-6-carboxylic acid",PLK1 - polo like kinase 1 (human),/gene/5347,2.7.11.21,P53350,9606,"","","","","","","",""
325298651,"",720508,17504222,3665766,"","","",Screening,20130710,0,0,Inactive,1N8E_E,"","",The Scripps Research Institute Molecular Screening Center,Fluorescence polarization-based biochemical primary high throughput screening assay to identify inhibitors that disrupt the binding of a cyclic peptide (Tn7) to the fibrin proteolytic product D-Dimer and fragment E complex [DD(E )],"2-(4-Aminophenyl)-1,3-benzothiazole-6-carboxylic acid","Chain E, Fibrin beta chain (human)",/protein/1N8E_E,"",1N8E_E,9606,"","","","","","","",""
326159662,"",720509,17504222,3665766,"","","",Screening,20130710,0,0,Inactive,1N8E_E,"","",The Scripps Research Institute Molecular Screening Center,Fluorescence polarization-based biochemical primary high throughput screening assay to identify inhibitors that disrupt the binding of a cyclic peptide (Tn6) to the fibrin proteolytic product D-Dimer and fragment E complex [DD(E )],"2-(4-Aminophenyl)-1,3-benzothiazole-6-carboxylic acid","Chain E, Fibrin beta chain (human)",/protein/1N8E_E,"",1N8E_E,9606,"","","","","","","",""
327107090,"",720542,17504222,3665766,"","","",Confirmatory,20130727,1,0,Inactive,AAN35928,Potency,"",National Center for Advancing Translational Sciences (NCATS),qHTS for Inhibitors of AMA1-RON; Towards Development of Antimalarial Drug Lead: Primary Screen,"2-(4-Aminophenyl)-1,3-benzothiazole-6-carboxylic acid","apical membrane antigen 1, AMA1 (Plasmodium falciparum 3D7)",/protein/AAN35928,"",AAN35928,36329,"","","","","","","",""
327299939,"",720543,17504222,3665766,"",105501,"",Screening,20130724,0,0,Inactive,NP_598837,"","",The Scripps Research Institute Molecular Screening Center,Fluorescence polarization-based biochemical high throughput primary assay to identify inhibitors of alpha/beta hydrolase domain containing 4 (ABHD4).,"2-(4-Aminophenyl)-1,3-benzothiazole-6-carboxylic acid",Abhd4 - abhydrolase domain containing 4 (house mouse),/gene/105501,3.1.1.-,Q8VD66,10090,"","","","","","","",""
327642603,"",720553,17504222,3665766,"",3757,"",Confirmatory,20130731,0,0,Inactive,AEL63844,Potency,"",National Center for Advancing Translational Sciences (NCATS),qHTS for Inhibitors of KCHN2 3.1: Mutant qHTS,"2-(4-Aminophenyl)-1,3-benzothiazole-6-carboxylic acid",KCNH2 - potassium voltage-gated channel subfamily H member 2 (human),/gene/3757,"",AEL63844,9606,"","","","","","","",""
328087048,"",720551,17504222,3665766,"",3757,"",Confirmatory,20130731,0,0,Inactive,AEL63844,Potency,"",National Center for Advancing Translational Sciences (NCATS),qHTS for Inhibitors of KCHN2 3.1: Wildtype qHTS,"2-(4-Aminophenyl)-1,3-benzothiazole-6-carboxylic acid",KCNH2 - potassium voltage-gated channel subfamily H member 2 (human),/gene/3757,"",AEL63844,9606,"","","","","","","",""
328462382,"",720580,17504222,3665766,"",3707576,"",Confirmatory,20130819,1,0,Inactive,BAA01847,Potency,"",National Center for Advancing Translational Sciences (NCATS),qHTS for Stage-Specific Inhibitors of Vaccinia Orthopoxvirus: Venus Reporter Primary qHTS,"2-(4-Aminophenyl)-1,3-benzothiazole-6-carboxylic acid",B18R - ankyrin-like protein (Orthopoxvirus vaccinia),/gene/3707576,"",BAA01847,10245,"","","","","","","",""
328938803,"",720579,17504222,3665766,"",3707576,"",Confirmatory,20130821,1,0,Inactive,BAA01847,Potency,"",National Center for Advancing Translational Sciences (NCATS),qHTS for Stage-Specific Inhibitors of Vaccinia Orthopoxvirus: mCherry Reporter Primary qHTS,"2-(4-Aminophenyl)-1,3-benzothiazole-6-carboxylic acid",B18R - ankyrin-like protein (Orthopoxvirus vaccinia),/gene/3707576,"",BAA01847,10245,"","","","","","","",""
329124402,"",720582,17504222,3665766,"",102,"",Screening,20130821,0,0,Inactive,AAC51766,"","",The Scripps Research Institute Molecular Screening Center,QFRET-based biochemical primary high throughput screening assay to identify exosite inhibitors of ADAM10.,"2-(4-Aminophenyl)-1,3-benzothiazole-6-carboxylic acid",ADAM10 - ADAM metallopeptidase domain 10 (human),/gene/102,"",O14672,9606,"","","","","","","",""
329556286,"",720596,17504222,3665766,"",5621,"",Screening,20130903,0,0,Inactive,NP_000302,"","",The Scripps Research Institute Molecular Screening Center,TRFRET-based cell-based primary high throughput screening assay to identify inhibitors of cell surface Prion Protein (PRPC),"2-(4-Aminophenyl)-1,3-benzothiazole-6-carboxylic acid",PRNP - prion protein (Kanno blood group) (human),/gene/5621,"",P04156,9606,"","","","","","","",""
329868342,"",720648,17504222,3665766,"",6868,"",Screening,20131017,0,0,Inactive,NP_003174,"","",The Scripps Research Institute Molecular Screening Center,QFRET-based biochemical primary high throughput screening assay to identify exosite inhibitors of ADAM17.,"2-(4-Aminophenyl)-1,3-benzothiazole-6-carboxylic acid",ADAM17 - ADAM metallopeptidase domain 17 (human),/gene/6868,3.4.24.86,P78536,9606,"","","","","","","",""
330237537,"",720647,17504222,3665766,"","","",Screening,20150115,0,0,Active,"","","",Broad Institute,Bursicon-induced LGR2 mediated cAMP production in LGR-2/CRE6x-Luciferase co-transfected HEK293 cells Inhibition,"2-(4-Aminophenyl)-1,3-benzothiazole-6-carboxylic acid","","","","","","","","","","","","",""
330853453,"",720702,17504222,3665766,"",51567,"",Screening,20131029,0,0,Inactive,NP_057698,"","",The Scripps Research Institute Molecular Screening Center,Epi Absorbance-based biochemical primary high throughput screening assay to identify inhibitors of human tyrosyl-DNA phosphodiesterase 2 (TDP2),"2-(4-Aminophenyl)-1,3-benzothiazole-6-carboxylic acid",TDP2 - tyrosyl-DNA phosphodiesterase 2 (human),/gene/51567,3.1.4.-,O95551,9606,"","","","","","","",""
331222329,"",720704,17504222,3665766,"",5331,"",Screening,20131114,0,0,Inactive,AAI42682,"","",The Scripps Research Institute Molecular Screening Center,Fluorescence-based biochemical high throughput primary assay to identify inhibitors of phospholipase C isozymes (PLC-beta3).,"2-(4-Aminophenyl)-1,3-benzothiazole-6-carboxylic acid",PLCB3 - phospholipase C beta 3 (human),/gene/5331,"",Q01970,9606,"","","","","","","",""
331740306,"",720700,17504222,3665766,"",5335,"",Screening,20140128,0,0,Inactive,AAI36467,"","",The Scripps Research Institute Molecular Screening Center,Fluorescence-based biochemical high throughput primary assay to identify inhibitors of phospholipase C isozymes (PLC-gamma1).,"2-(4-Aminophenyl)-1,3-benzothiazole-6-carboxylic acid",PLCG1 - phospholipase C gamma 1 (human),/gene/5335,"",AAI36467,9606,"","","","","","","",""
332126120,"",720707,17504222,3665766,"",10411,"",Confirmatory,20131031,1,0,Inactive,O95398,Potency,"",National Center for Advancing Translational Sciences (NCATS),qHTS for Agonist of cAMP-regulated guanine nucleotide exchange factor 3 (EPAC1): primary screen,"2-(4-Aminophenyl)-1,3-benzothiazole-6-carboxylic acid",RAPGEF3 - Rap guanine nucleotide exchange factor 3 (human),/gene/10411,"",O95398,9606,"","","","","","","",""
332619714,"",720708,17504222,3665766,"",11069,"",Confirmatory,20131031,1,0,Inactive,Q8WZA2,Potency,"",National Center for Advancing Translational Sciences (NCATS),qHTS for Antagonist of cAMP-regulated guanine nucleotide exchange factor 2 (EPAC2): primary screen,"2-(4-Aminophenyl)-1,3-benzothiazole-6-carboxylic acid",RAPGEF4 - Rap guanine nucleotide exchange factor 4 (human),/gene/11069,"",Q8WZA2,9606,"","","","","","","",""
332795055,"",720706,17504222,3665766,"","","",Screening,20140305,0,0,Inactive,"","","",Broad Institute,HTS for Bacterial rRNA inhibitors Measured in Microorganism-Based System Using Plate Reader - 7056-01_Inhibitor_SinglePoint_HTS_Activity,"2-(4-Aminophenyl)-1,3-benzothiazole-6-carboxylic acid","","","","","","","","","","","","",""
333231271,"",720709,17504222,3665766,"",10411,"",Confirmatory,20131031,1,0,Inactive,O95398,Potency,"",National Center for Advancing Translational Sciences (NCATS),qHTS for Antagonist of cAMP-regulated guanine nucleotide exchange factor 3 (EPAC1): primary screen,"2-(4-Aminophenyl)-1,3-benzothiazole-6-carboxylic acid",RAPGEF3 - Rap guanine nucleotide exchange factor 3 (human),/gene/10411,"",O95398,9606,"","","","","","","",""
333584744,"",720711,17504222,3665766,"",11069,"",Confirmatory,20131031,1,0,Inactive,Q8WZA2,Potency,"",National Center for Advancing Translational Sciences (NCATS),qHTS for Agonist of cAMP-regulated guanine nucleotide exchange factor 4 (EPAC2): primary screen,"2-(4-Aminophenyl)-1,3-benzothiazole-6-carboxylic acid",RAPGEF4 - Rap guanine nucleotide exchange factor 4 (human),/gene/11069,"",Q8WZA2,9606,"","","","","","","",""
334197648,"",743020,17504222,3665766,"","","",Confirmatory,20140205,1,0,Inconclusive,"",AC50,"",Broad Institute,Counterscreen:CMV reporter Measured in Cell-Based System Using Plate Reader - 7054-04_Inhibitor_Dose_DryPowder_Activity,"2-(4-Aminophenyl)-1,3-benzothiazole-6-carboxylic acid","","","","","","","","","","","","",""
334408561,"",743126,17504222,3665766,"",50487,"",Screening,20131125,0,0,Inactive,EAW59941,"","",The Scripps Research Institute Molecular Screening Center,QFRET-based biochemical high throughput primary assay to identify inhibitors of human group III secreted phospholipase A2 enzyme (HGIII-sPLA2),"2-(4-Aminophenyl)-1,3-benzothiazole-6-carboxylic acid",PLA2G3 - phospholipase A2 group III (human),/gene/50487,"",EAW59941,9606,"","","","","","","",""
335179470,"",743247,17504222,3665766,"","","",Screening,20140113,0,0,Inactive,"","","",Broad Institute,Inhibition of Alexa 488-Fibronectin deposition #on AH1F cell monolayers Measured in Cell-Based System Using Plate Reader - 7059-01_Inhibitor_SinglePoint_HTS_Activity,"2-(4-Aminophenyl)-1,3-benzothiazole-6-carboxylic acid","","","","","","","","","","","","",""
335847057,"",743255,17504222,3665766,"",7398,"",Confirmatory,20140116,1,0,Inactive,AAH18745,Potency,"",National Center for Advancing Translational Sciences (NCATS),Inhibitors of USP1/UAF1: Primary Screen,"2-(4-Aminophenyl)-1,3-benzothiazole-6-carboxylic acid",USP1 - ubiquitin specific peptidase 1 (human),/gene/7398,"",AAH18745,9606,"","","","","","","",""
336103683,"",743238,17504222,3665766,"","","",Screening,20131220,0,0,Inactive,"","","",Broad Institute,High Content Cell-Based Imaging Primary HTS to Identify Small Molecules Involved in X-Chromosome Reactivation and Reprogramming Measured in Cell-Based System Using Imaging - 7015-01_Activator_SinglePoint_HTS_Activity_Set2,"2-(4-Aminophenyl)-1,3-benzothiazole-6-carboxylic acid","","","","","","","","","","","","",""
336665380,"",743279,17504222,3665766,"",3553,"",Screening,20140213,0,0,Inactive,NP_000567,"","",National Center for Advancing Translational Sciences (NCATS),qHTS for Inhibitors of Inflammasome Signaling:  IL-1-beta AlphaLISA Primary Screen,"2-(4-Aminophenyl)-1,3-benzothiazole-6-carboxylic acid",IL1B - interleukin 1 beta (human),/gene/3553,"",P01584,9606,"","","","","","","",""
337340620,"",743269,17504222,3665766,"",11168,"",Screening,20140131,0,0,Inactive,AAF25870,"","",The Scripps Research Institute Molecular Screening Center,TRFRET-based biochemical primary high throughput screening assay to identify inhibitors of HIV-1 LEDGF/p75 DNA Integration,"2-(4-Aminophenyl)-1,3-benzothiazole-6-carboxylic acid",PSIP1 - PC4 and SRSF1 interacting protein 1 (human),/gene/11168,"",O75475,9606,"","","","","","","",""
337340621,"",743269,17504222,3665766,"","","",Screening,20140131,0,0,Inactive,AAC83551,"","",The Scripps Research Institute Molecular Screening Center,TRFRET-based biochemical primary high throughput screening assay to identify inhibitors of HIV-1 LEDGF/p75 DNA Integration,"2-(4-Aminophenyl)-1,3-benzothiazole-6-carboxylic acid","integrase, partial (Human immunodeficiency virus 1)",/protein/AAC83551,"",AAC83551,11676,"","","","","","","",""
338066043,"",743287,17504222,3665766,"","","",Screening,20140224,0,0,Inactive,"","","",Broad Institute,Luminescent GLuc Reporter Gene Assay Primary HTS to Identify Small Molecule Activator of Glucose Dependent Insulin Secretion Measured in Cell-Based System Using Plate Reader - 7055-01_Activator_SinglePoint_HTS_Activity,"2-(4-Aminophenyl)-1,3-benzothiazole-6-carboxylic acid","","","","","","","","","","","","",""
338095908,"",743398,17504222,3665766,"","","",Screening,20140408,0,0,Inactive,"","","",Broad Institute,Wnt/Beta-catenin HTS Measured in Cell-Based System Using Plate Reader - 2161-01_Activator_SinglePoint_HTS_Activity,"2-(4-Aminophenyl)-1,3-benzothiazole-6-carboxylic acid","","","","","","","","","","","","",""
338246814,"",743397,17504222,3665766,"","","",Screening,20140408,0,0,Inactive,"","","",Broad Institute,HTS for Inhibition of CaV1.3 ICDI/IQ interaction using a live-cell FRET assay Measured in Cell-Based System Using Plate Reader - 7081-01_Inhibitor_SinglePoint_HTS_Activity,"2-(4-Aminophenyl)-1,3-benzothiazole-6-carboxylic acid","","","","","","","","","","","","",""
339033028,"",743412,17504222,3665766,"","","",Confirmatory,20140410,1,0,Inactive,"",AC50,"",Broad Institute,A549 Cytotoxicity Assay Measured in Cell-Based System Using Plate Reader - 7071-06_Antagonist_Dose_CherryPick_Activity,"2-(4-Aminophenyl)-1,3-benzothiazole-6-carboxylic acid","","","","","",23,"","","","","","",""
339037917,"",743416,17504222,3665766,"","","",Confirmatory,20140410,1,0,Inactive,"",AC50,"",Broad Institute,HepG2 Cytotoxicity Assay Measured in Cell-Based System Using Plate Reader - 7071-02_Antagonist_Dose_CherryPick_Activity,"2-(4-Aminophenyl)-1,3-benzothiazole-6-carboxylic acid","","","","","",27,"","","","","","",""
339116071,"",743445,17504222,3665766,"",7468,"",Screening,20140410,0,0,Inactive,NP_001035889,"","",Broad Institute,"Development of Small Molecule Probes of the Histone Methyltransferase, NSD2 Measured in Biochemical System Using Plate Reader - 7053-01_Inhibitor_SinglePoint_HTS_Activity_Set2","2-(4-Aminophenyl)-1,3-benzothiazole-6-carboxylic acid",NSD2 - nuclear receptor binding SET domain protein 2 (human),/gene/7468,2.1.1.357,O96028,9606,"","","","","","","",""
339628091,"",1053175,125047138,3665766,"","","",Other,20161017,0,0,Inactive,"","","","ICCB-Longwood Screening Facility, Harvard Medical School",A screen for compounds that inhibit growth of Escherichia coli,"2-(4-Aminophenyl)-1,3-benzothiazole-6-carboxylic acid","","","","","","","","","","","","",""
340220514,"",1053197,17504222,3665766,"",54414,"",Screening,20140728,0,0,Inactive,Q9HAT2,"","",The Scripps Research Institute Molecular Screening Center,Fluorescence polarization-based biochemical high throughput primary assay to identify inhibitors of sialic acid acetylesterase (SIAE),"2-(4-Aminophenyl)-1,3-benzothiazole-6-carboxylic acid",SIAE - sialic acid acetylesterase (human),/gene/54414,3.1.1.53,Q9HAT2,9606,"","","","","","","",""
340323137,"",1117267,17504222,3665766,"",7276,"",Screening,20140829,0,0,Inactive,CAG33189,"","",The Scripps Research Institute Molecular Screening Center,Luminescence-based cell-based primary high throughput screening assay to identify activators of Transthyretin (TTR) transcription,"2-(4-Aminophenyl)-1,3-benzothiazole-6-carboxylic acid",TTR - transthyretin (human),/gene/7276,"",CAG33189,9606,"","","","","","","",""
343237192,"",1159583,125047138,3665766,"","","",Other,20161017,0,0,Inactive,"","","","ICCB-Longwood Screening Facility, Harvard Medical School",High throughput screen for small molecule inhibitors of a hypoxia-regulated fluorescent biosensor in Mycobacterium tuberculosis,"2-(4-Aminophenyl)-1,3-benzothiazole-6-carboxylic acid","","","","","","","","","","","","",""
343630978,"",1159606,17504222,3665766,"","","",Other,20160224,0,0,Active,"","","",Burnham Center for Chemical Genomics,"uHTS identification of small molecule inhibitors of TWEAK-Fn14 interactions, using a cell-based reporter assay","2-(4-Aminophenyl)-1,3-benzothiazole-6-carboxylic acid","","","","","","","","","","","","",""
344751134,"",1224865,17504222,3665766,"","","",Screening,20160920,0,0,Inactive,"","","",Burnham Center for Chemical Genomics,Identify inhibitors of HNF4 alpha protein binding to DNA,"2-(4-Aminophenyl)-1,3-benzothiazole-6-carboxylic acid","",/protein/578162,"","","","","","","","","","",""
347297722,"",1259309,125047138,3665766,"","","",Other,20170417,0,0,Inactive,"","","","ICCB-Longwood Screening Facility, Harvard Medical School",A screen for compounds that are lethal to S. aureus RN4220 with the processive glycosyltransferase UgtP deleted,"2-(4-Aminophenyl)-1,3-benzothiazole-6-carboxylic acid","","","","","","","","","","","","",""
348170621,"",1259310,332961956,3665766,"","","",Screening,20170417,0,0,Inactive,"","","",The Scripps Research Institute Molecular Screening Center,AlphaScreen-based biochemical high throughput primary assay to identify activators of the E3 ligase (FBW7).,"2-(4-Aminophenyl)-1,3-benzothiazole-6-carboxylic acid","","","","","","","","","","","","",""
348333566,"",1259311,125047138,3665766,"","","",Other,20170417,0,0,Inactive,"","","","ICCB-Longwood Screening Facility, Harvard Medical School",A screen for compounds that are lethal to S. aureus RN4220,"2-(4-Aminophenyl)-1,3-benzothiazole-6-carboxylic acid","","","","","","","","","","","","",""
348752175,"",1259313,17504222,3665766,"","","",Screening,20170513,0,0,Inactive,"","","",Burnham Center for Chemical Genomics,uHTS identification of small molecule modulators of NR3A,"2-(4-Aminophenyl)-1,3-benzothiazole-6-carboxylic acid","","","","","","","","","","","","",""
348981386,"",1259318,17504222,3665766,"","","",Screening,20170527,0,0,Inactive,"","","",Burnham Center for Chemical Genomics,uHTS identification of small molecule modulators of Rev-erb Alpha.,"2-(4-Aminophenyl)-1,3-benzothiazole-6-carboxylic acid","","","","","","","","","","","","",""
349648365,"",1259374,332961956,3665766,"",4286,"",Screening,20180220,0,0,Inactive,"","","",The Scripps Research Institute Molecular Screening Center,AlphaScreen-based biochemical high throughput primary assay to identify inhibitors of microphthalmia-associated transcription factor (MITF),"2-(4-Aminophenyl)-1,3-benzothiazole-6-carboxylic acid",MITF - melanocyte inducing transcription factor (human),/gene/4286,"","",9606,"","","","","","","",""
350354075,"",1259370,124673176,3665766,"",994,"",Other,20180223,0,0,Inactive,"","","","Center for Chemical Genomics, University of Michigan",Inhibitors of CDC25B-CDK2/CyclinA interaction,"2-(4-Aminophenyl)-1,3-benzothiazole-6-carboxylic acid",CDC25B - cell division cycle 25B (human),/gene/994,"","",9606,"","","","","","","",""
350354076,"",1259370,124673176,3665766,"",890,"",Other,20180223,0,0,Inactive,"","","","Center for Chemical Genomics, University of Michigan",Inhibitors of CDC25B-CDK2/CyclinA interaction,"2-(4-Aminophenyl)-1,3-benzothiazole-6-carboxylic acid",CCNA2 - cyclin A2 (human),/gene/890,"","",9606,"","","","","","","",""
350354077,"",1259370,124673176,3665766,"",1017,"",Other,20180223,0,0,Inactive,CAA43985,"","","Center for Chemical Genomics, University of Michigan",Inhibitors of CDC25B-CDK2/CyclinA interaction,"2-(4-Aminophenyl)-1,3-benzothiazole-6-carboxylic acid",CDK2 - cyclin dependent kinase 2 (human),/gene/1017,"",CAA43985,9606,"","","","","","","",""
350665468,"",1259389,124673176,3665766,"","","",Screening,20180309,0,0,Inactive,"","","","Center for Chemical Genomics, University of Michigan",HIV1_TAR : FRET assay measuring displacement of FAM and TAMRA-labeled Tat peptide from HIV-1 TAR RNA.,"2-(4-Aminophenyl)-1,3-benzothiazole-6-carboxylic acid","","","","","","","","","","","","",""
352024010,"",1259415,17504222,3665766,"","","",Screening,20180620,0,0,Active,"","","",National Center for Advancing Translational Sciences (NCATS),qHTS Assay for inhibitors of the human cytomegalovirus (HCMV),"2-(4-Aminophenyl)-1,3-benzothiazole-6-carboxylic acid","","","","","","","","","","","","",""
352950178,"",1259422,332961956,3665766,"",10413,"",Screening,20180731,0,0,Active,NP_001123617,"","",The Scripps Research Institute Molecular Screening Center,Luminescence cell-based high throughput primary assay to identify inhibitors of TEAD-YAP interaction.,"2-(4-Aminophenyl)-1,3-benzothiazole-6-carboxylic acid",YAP1 - Yes1 associated transcriptional regulator (human),/gene/10413,"",P46937,9606,"","","","","","","",""
356848081,"",1347041,17504222,3665766,"","","",Screening,20190417,0,0,Inactive,"","","",National Center for Advancing Translational Sciences (NCATS),qHTS assay for inhibitors of human lactate dehydrogenase,"2-(4-Aminophenyl)-1,3-benzothiazole-6-carboxylic acid","","","","","","","","","","","","",""
357236138,"",1347056,17504222,3665766,"","","",Screening,20190604,0,0,Inactive,"","","",Burnham Center for Chemical Genomics,Inhibitor identification of TROY dependent signaling using uHTS single point assay,"2-(4-Aminophenyl)-1,3-benzothiazole-6-carboxylic acid","","","","","","","","","","","","",""
357928207,"",1347073,17504222,3665766,"",23435,"",Confirmatory,20190723,0,0,Inactive,"","","",National Center for Advancing Translational Sciences (NCATS),qHTS of TDP-43 Inhibitors: NCGC Sytravon Library Screen,"2-(4-Aminophenyl)-1,3-benzothiazole-6-carboxylic acid",TARDBP - TAR DNA binding protein (human),/gene/23435,"","",9606,"","","","","","","",""
357928208,"",1347073,17504222,3665766,"",23435,"",Confirmatory,20190723,0,0,Inactive,Q13148,"","",National Center for Advancing Translational Sciences (NCATS),qHTS of TDP-43 Inhibitors: NCGC Sytravon Library Screen,"2-(4-Aminophenyl)-1,3-benzothiazole-6-carboxylic acid",TARDBP - TAR DNA binding protein (human),/gene/23435,"",Q13148,9606,"","","","","","","",""
358289853,"",1347074,124673176,3665766,"","","",Other,20190729,0,0,Inactive,"","","","Center for Chemical Genomics, University of Michigan",Dicer-mediated maturation of pre-microRNA,"2-(4-Aminophenyl)-1,3-benzothiazole-6-carboxylic acid","","","","","","","","","","","","",""
358566937,"",1347075,17504222,3665766,"",5243,"",Confirmatory,20190731,0,0,Inactive,"","","",National Center for Advancing Translational Sciences (NCATS),qHTS assay for MDR1-selective chemotherapeutics: Primary screen using the parental adenocarcinoma cell KB-3-1,"2-(4-Aminophenyl)-1,3-benzothiazole-6-carboxylic acid",ABCB1 - ATP binding cassette subfamily B member 1 (human),/gene/5243,"","",9606,"","","","","","","",""
358591200,"",1347071,17504222,3665766,"",351,"",Confirmatory,20190720,0,0,Inactive,"","","",National Center for Advancing Translational Sciences (NCATS),qHTS for compounds that reverse cellular toxicity of Amyloid beta (A-beta) peptide in yeast: Primary Screen,"2-(4-Aminophenyl)-1,3-benzothiazole-6-carboxylic acid",APP - amyloid beta precursor protein (human),/gene/351,"","",9606,"","","","","","","",""
358591201,"",1347071,17504222,3665766,"",351,"",Confirmatory,20190720,0,0,Inactive,P05067,"","",National Center for Advancing Translational Sciences (NCATS),qHTS for compounds that reverse cellular toxicity of Amyloid beta (A-beta) peptide in yeast: Primary Screen,"2-(4-Aminophenyl)-1,3-benzothiazole-6-carboxylic acid",APP - amyloid beta precursor protein (human),/gene/351,"",P05067,9606,"","","","","","","",""
360050623,"",1347131,17504222,3665766,"",37627025,"",Confirmatory,20190912,0,0,Inconclusive,"","","",National Center for Advancing Translational Sciences (NCATS),qHTS Assay for Foot and Mouth Disease Virus Antivirals: Primary Screen against the MLPCN compound library,"2-(4-Aminophenyl)-1,3-benzothiazole-6-carboxylic acid",D1Y31_gp1 - polyprotein (Foot-and-mouth disease virus O),/gene/37627025,"","",12118,"","","","","","","",""
360050624,"",1347131,17504222,3665766,"","","",Confirmatory,20190912,0,0,Inconclusive,"","","",National Center for Advancing Translational Sciences (NCATS),qHTS Assay for Foot and Mouth Disease Virus Antivirals: Primary Screen against the MLPCN compound library,"2-(4-Aminophenyl)-1,3-benzothiazole-6-carboxylic acid","",/protein/AAA42670,"","","","","","","","","","",""
360085395,"",1347076,17504222,3665766,"",5243,"",Confirmatory,20190731,0,0,Inactive,"","","",National Center for Advancing Translational Sciences (NCATS),qHTS assay for MDR1-selective chemotherapeutics: Primary screen using the drug-selected MDR subline cells KB-V1,"2-(4-Aminophenyl)-1,3-benzothiazole-6-carboxylic acid",ABCB1 - ATP binding cassette subfamily B member 1 (human),/gene/5243,"","",9606,"","","","","","","",""
360550700,"",1347120,17504222,3665766,"",2521,"",Confirmatory,20190907,0,0,Inactive,"","","",National Center for Advancing Translational Sciences (NCATS),qHTS for Suppressors of FUS Proteinopathy: Primary screen using FUS-linked yeast assay,"2-(4-Aminophenyl)-1,3-benzothiazole-6-carboxylic acid",FUS - FUS RNA binding protein (human),/gene/2521,"","",9606,"","","","","","","",""
360550701,"",1347120,17504222,3665766,"",2521,"",Confirmatory,20190907,0,0,Inactive,P35637,"","",National Center for Advancing Translational Sciences (NCATS),qHTS for Suppressors of FUS Proteinopathy: Primary screen using FUS-linked yeast assay,"2-(4-Aminophenyl)-1,3-benzothiazole-6-carboxylic acid",FUS - FUS RNA binding protein (human),/gene/2521,"",P35637,9606,"","","","","","","",""
364353906,"",1508602,332961956,3665766,"",134391,"",Screening,20200731,0,0,Inactive,Q8TDV0,"","",The Scripps Research Institute Molecular Screening Center,Cell-based high throughput primary assay to identify activators of GPR151,"2-(4-Aminophenyl)-1,3-benzothiazole-6-carboxylic acid",GPR151 - G protein-coupled receptor 151 (human),/gene/134391,"",Q8TDV0,9606,"","","","","","","",""
371521128,"",1671463,17504222,3665766,"","","",Screening,20211208,0,0,Inactive,"","","",Burnham Center for Chemical Genomics,High-throughput screening primary assay to identify small molecule activators of human GC-A enzyme activity,"2-(4-Aminophenyl)-1,3-benzothiazole-6-carboxylic acid","","","","","","","","","","","","",""
391445355,"",652051,17504222,3665766,"",1814,"",Screening,20130221,0,0,Inactive,NP_387512,"","",National Center for Advancing Translational Sciences (NCATS),qHTS of D3 Dopamine Receptor Potentiators: qHTS,"2-(4-Aminophenyl)-1,3-benzothiazole-6-carboxylic acid",DRD3 - dopamine receptor D3 (human),/gene/1814,"",P35462,9606,"","","","","","","",""
391857415,"",652048,17504222,3665766,"",1814,"",Screening,20130312,0,0,Inactive,NP_387512,"","",National Center for Advancing Translational Sciences (NCATS),qHTS of D3 Dopamine Receptor Agonist: qHTS,"2-(4-Aminophenyl)-1,3-benzothiazole-6-carboxylic acid",DRD3 - dopamine receptor D3 (human),/gene/1814,"",P35462,9606,"","","","","","","",""
392236836,"",651635,17504222,3665766,"",6311,35787375,Confirmatory,20230207,0,0,Inactive,"",Potency,"",National Center for Advancing Translational Sciences (NCATS),Viability Counterscreen for Primary qHTS for Inhibitors of ATXN expression,"2-(4-Aminophenyl)-1,3-benzothiazole-6-carboxylic acid",ATXN2 - ataxin 2 (human),/gene/6311,"","",9606,"","","","",10.1016/j.jbc.2022.102228,PMC9356275,33952116,"Scoles DR, Gandelman M, Paul S, Dexheimer T, Dansithong W, Figueroa KP, Pflieger LT, Redlin S, Kales SC, Sun H, Maloney D, Damoiseaux R, Henderson MJ, Simeonov A, Jadhav A, Pulst SM. A quantitative high-throughput screen identifies compounds that lower expression of the SCA2-and ALS-associated gene ATXN2. Journal of Biological Chemistry. 2022 Aug;298(8):102228. doi: 10.1016/j.jbc.2022.102228."
392236837,"",651635,17504222,3665766,"",6311,35787375,Confirmatory,20230207,0,0,Inactive,Q99700,Potency,"",National Center for Advancing Translational Sciences (NCATS),Viability Counterscreen for Primary qHTS for Inhibitors of ATXN expression,"2-(4-Aminophenyl)-1,3-benzothiazole-6-carboxylic acid",ATXN2 - ataxin 2 (human),/gene/6311,"",Q99700,9606,"","","","",10.1016/j.jbc.2022.102228,PMC9356275,33952116,"Scoles DR, Gandelman M, Paul S, Dexheimer T, Dansithong W, Figueroa KP, Pflieger LT, Redlin S, Kales SC, Sun H, Maloney D, Damoiseaux R, Henderson MJ, Simeonov A, Jadhav A, Pulst SM. A quantitative high-throughput screen identifies compounds that lower expression of the SCA2-and ALS-associated gene ATXN2. Journal of Biological Chemistry. 2022 Aug;298(8):102228. doi: 10.1016/j.jbc.2022.102228."
392894769,"",686978,17504222,3665766,"",55775,"",Confirmatory,20130516,1,0,Inactive,AAI07878,Potency,"",National Center for Advancing Translational Sciences (NCATS),qHTS for Inhibitors of human tyrosyl-DNA phosphodiesterase 1 (TDP1): qHTS in cells in absence of CPT,"2-(4-Aminophenyl)-1,3-benzothiazole-6-carboxylic acid",TDP1 - tyrosyl-DNA phosphodiesterase 1 (human),/gene/55775,"",AAI07878,9606,"","","","","","","",""
393313160,"",686979,17504222,3665766,"",55775,"",Confirmatory,20130516,1,0,Inactive,AAI07878,Potency,"",National Center for Advancing Translational Sciences (NCATS),qHTS for Inhibitors of human tyrosyl-DNA phosphodiesterase 1 (TDP1): qHTS in cells in presence of CPT,"2-(4-Aminophenyl)-1,3-benzothiazole-6-carboxylic acid",TDP1 - tyrosyl-DNA phosphodiesterase 1 (human),/gene/55775,"",AAI07878,9606,"","","","","","","",""
395840291,"",1259400,17504222,3665766,"",59350,"",Screening,20180320,0,0,Inactive,Q9HBX9,"","",National Center for Advancing Translational Sciences (NCATS),qHTS Assay for Antagonists of the Relaxin Receptor RXFP1,"2-(4-Aminophenyl)-1,3-benzothiazole-6-carboxylic acid",RXFP1 - relaxin family peptide receptor 1 (human),/gene/59350,"",Q9HBX9,9606,"","","","","","","",""
396378391,"",1346378,17504222,3665766,"",55361,"",Screening,20181126,0,0,Inactive,Q9BTU6,"","",National Center for Advancing Translational Sciences (NCATS),qHTS for small molecular inhibitors of PI4K2A,"2-(4-Aminophenyl)-1,3-benzothiazole-6-carboxylic acid",PI4K2A - phosphatidylinositol 4-kinase type 2 alpha (human),/gene/55361,2.7.1.67,Q9BTU6,9606,"","","","","","","",""
402716494,"",1920062,17504222,3665766,"","","",Screening,20240216,0,0,Inactive,"","","",Burnham Center for Chemical Genomics,High-throughput screening primary assay to identify small molecule activators of human guanylyl cyclase B (GC-B) receptor activity,"2-(4-Aminophenyl)-1,3-benzothiazole-6-carboxylic acid","","","","","","","","","","","","",""
410404654,"",652105,17504222,3665766,"","",37683456,Confirmatory,20240604,0,0,Inactive,"",Potency,"",National Center for Advancing Translational Sciences (NCATS),qHTS for Inhibitors of phosphatidylinositol 5-phosphate 4-kinase (PI5P4K),"2-(4-Aminophenyl)-1,3-benzothiazole-6-carboxylic acid","",/protein/P48426,2.7.1.149,"","","","","","",10.1016/j.bbrc.2023.08.050,PMC10559341,36498447,"Ikeda Y, Davis MI, Sumita K, Zheng Y, Kofuji S, Sasaki M, Hirota Y, Pragani R, Shen M, Boxer MB, Takeuchi K, Senda T, Simeonov A, Sasaki AT. Multimodal action of KRP203 on phosphoinositide kinases in vitro and in cells. Biochemical and Biophysical Research Communications. 2023 Oct;679():116–21. doi: 10.1016/j.bbrc.2023.08.050."
429634584,"",1272365,406401682,3665766,"","","",Screening,20230822,0,0,Inactive,CDO16711,"","","Small Molecule Screening Facility, UW Madison",SSB-PriA antibiotic resistant target AlphaScreen,"2-(4-Aminophenyl)-1,3-benzothiazole-6-carboxylic acid",ssb (Klebsiella pneumoniae),/protein/CDO16711,"",CDO16711,573,"","","","","","","",""
429634585,"",1272365,406401682,3665766,"","","",Screening,20230822,0,0,Inactive,CDO16358,"","","Small Molecule Screening Facility, UW Madison",SSB-PriA antibiotic resistant target AlphaScreen,"2-(4-Aminophenyl)-1,3-benzothiazole-6-carboxylic acid",priA (Klebsiella pneumoniae),/protein/CDO16358,"",CDO16358,573,"","","","","","","",""
432346105,"",1671190,17504222,3665766,"",239,"",Confirmatory,20210818,1,0,Inactive,"",Potency,"",National Center for Advancing Translational Sciences (NCATS),Primary qHTS assay for inhibitors of human arachidonate 12S-lipoxygenase (ALOX12): Round 2,"2-(4-Aminophenyl)-1,3-benzothiazole-6-carboxylic acid","ALOX12 - arachidonate 12-lipoxygenase, 12S type (human)",/gene/239,"","",9606,"","","","","","","",""
432346106,"",1671190,17504222,3665766,"",239,"",Confirmatory,20210818,1,0,Inactive,P18054,Potency,"",National Center for Advancing Translational Sciences (NCATS),Primary qHTS assay for inhibitors of human arachidonate 12S-lipoxygenase (ALOX12): Round 2,"2-(4-Aminophenyl)-1,3-benzothiazole-6-carboxylic acid","ALOX12 - arachidonate 12-lipoxygenase, 12S type (human)",/gene/239,1.13.11.-|1.13.11.31|1.13.11.33|3.3.2.-,P18054,9606,"","","","","","","",""
